,Country,Variable,1998-2002,2003-2007,2008-2012,2013-2017
0,AFG,Rural population (1000 inhab),17086.91,20464.923,23280.663,26558.609
1,AFG,Urban population (1000 inhab),4893.013,6151.869,7416.295,8971.472
2,AFG,Population density (inhab/km2),34.6180957633,41.5104861686,47.73056398,55.5955534111
3,AFG,GDP per capita (current US$/inhab),194.958382,389.985586,694.885618,605.557362
4,AFG,Human Development Index (HDI) [highest = 1] (-),0.378,0.431,0.479,0.493
7,AFG,Total population with access to safe drinking-water (JMP) (%),33.8,42.6,51.6,55.3
8,AFG,Rural population with access to safe drinking-water (JMP) (%),27.6,35.6,43.7,47.0
9,AFG,Urban population with access to safe drinking-water (JMP) (%),55.9,65.2,74.5,78.2
11,ALB,Rural population (1000 inhab),1762.229,1545.166,1333.585,1190.155
12,ALB,Urban population (1000 inhab),1356.8,1478.741,1586.454,1740.032
13,ALB,Population density (inhab/km2),108.7369391304,105.5303652174,101.3598608696,104.0089794446
14,ALB,GDP per capita (current US$/inhab),1396.545492,3530.969114,4219.046254,4445.132198
15,ALB,Human Development Index (HDI) [highest = 1] (-),0.68,0.718,0.771,0.789
18,ALB,Total population with access to safe drinking-water (JMP) (%),96.1,95.9,95.4,95.1
19,ALB,Rural population with access to safe drinking-water (JMP) (%),93.5,94.2,94.9,95.2
20,ALB,Urban population with access to safe drinking-water (JMP) (%),99.5,97.6,95.7,94.9
22,DZA,Rural population (1000 inhab),12317.847,11885.693,11677.502,11547.532
23,DZA,Urban population (1000 inhab),19677.199,22414.383,25888.345,29770.61
24,DZA,Population density (inhab/km2),13.3747214222,14.3453827874,15.6960436488,17.3777108333
25,DZA,GDP per capita (current US$/inhab),1775.875268,3935.183362,5565.136948,4051.244377
26,DZA,Human Development Index (HDI) [highest = 1] (-),0.666,0.708,0.737,0.758
29,DZA,Total population with access to safe drinking-water (JMP) (%),88.8,87.0,84.9,83.6
30,DZA,Rural population with access to safe drinking-water (JMP) (%),83.7,83.0,82.2,81.8
31,DZA,Urban population with access to safe drinking-water (JMP) (%),92.0,89.1,86.1,84.3
44,AGO,Rural population (1000 inhab),8353.851,8918.911,9720.169,10472.554
45,AGO,Urban population (1000 inhab),9218.798,12078.776,15375.981,19311.639
46,AGO,Population density (inhab/km2),14.0526325499,16.7685593968,20.1395131146,23.9165524986
47,AGO,GDP per capita (current US$/inhab),869.851352,3108.266911,5102.492352,4100.291004
48,AGO,Human Development Index (HDI) [highest = 1] (-),0.419,0.482,0.537,0.576
51,AGO,Total population with access to safe drinking-water (JMP) (%),45.7,46.4,47.8,49.0
52,AGO,Rural population with access to safe drinking-water (JMP) (%),37.0,33.0,29.0,28.2
53,AGO,Urban population with access to safe drinking-water (JMP) (%),62.6,68.4,74.2,75.4
66,ARG,Rural population (1000 inhab),3974.741,3850.764,3737.979,3652.804
67,ARG,Urban population (1000 inhab),33914.629,36119.46,38358.76,40618.237
68,ARG,Population density (inhab/km2),13.5526359517,14.2728726083,15.017693857,15.8024528845
69,ARG,GDP per capita (current US$/inhab),2918.591423,7249.274928,13811.780157,14517.291248
70,ARG,Human Development Index (HDI) [highest = 1] (-),0.77,0.806,0.823,0.832
73,ARG,Total population with access to safe drinking-water (JMP) (%),96.7,97.7,98.6,99.1
74,ARG,Rural population with access to safe drinking-water (JMP) (%),83.7,90.0,96.2,100.0
75,ARG,Urban population with access to safe drinking-water (JMP) (%),98.2,98.5,98.8,99.0
77,ARM,Rural population (1000 inhab),1085.046,1063.546,1059.405,1081.248
78,ARM,Urban population (1000 inhab),1948.851,1869.51,1822.517,1849.202
79,ARM,Population density (inhab/km2),102.0167451244,98.6085406859,96.9816408877,99.0178547411
80,ARM,GDP per capita (current US$/inhab),835.283238,3347.296067,3684.805034,3933.682101
81,ARM,Human Development Index (HDI) [highest = 1] (-),0.663,0.724,0.737,0.758
84,ARM,Total population with access to safe drinking-water (JMP) (%),93.7,96.7,99.7,100.0
85,ARM,Rural population with access to safe drinking-water (JMP) (%),84.7,92.0,99.4,100.0
86,ARM,Urban population with access to safe drinking-water (JMP) (%),98.7,99.3,99.8,100.0
88,AUS,Rural population (1000 inhab),3072.827,3179.302,3331.639,3446.638
89,AUS,Urban population (1000 inhab),16402.364,17767.362,19490.21,21003.923
90,AUS,Population density (inhab/km2),2.5062416518,2.701944138,2.9587000499,3.1758069142
91,AUS,GDP per capita (current US$/inhab),22344.906046,47030.849175,69701.081584,57917.093685
92,AUS,Human Development Index (HDI) [highest = 1] (-),0.903,0.908,0.932,0.937
95,AUS,Total population with access to safe drinking-water (JMP) (%),100.0,100.0,100.0,100.0
96,AUS,Rural population with access to safe drinking-water (JMP) (%),100.0,100.0,100.0,100.0
97,AUS,Urban population with access to safe drinking-water (JMP) (%),100.0,100.0,100.0,100.0
110,AZE,Rural population (1000 inhab),3990.569,4118.78,4272.681,4388.663
111,AZE,Urban population (1000 inhab),4286.446,4605.524,4992.236,5438.926
112,AZE,Population density (inhab/km2),95.5780715935,100.7418360277,106.9825866051,113.6872979215
113,AZE,GDP per capita (current US$/inhab),753.417207,3788.202109,7520.835158,4158.357869
114,AZE,Human Development Index (HDI) [highest = 1] (-),0.658,0.712,0.736,0.752
117,AZE,Total population with access to safe drinking-water (JMP) (%),75.8,80.2,84.5,87.0
118,AZE,Rural population with access to safe drinking-water (JMP) (%),61.5,67.8,74.0,77.8
119,AZE,Urban population with access to safe drinking-water (JMP) (%),89.2,91.3,93.4,94.7
121,BHS,Rural population (1000 inhab),55.365,60.587,64.986,67.508
122,BHS,Urban population (1000 inhab),253.792,281.741,307.053,327.853
123,BHS,Population density (inhab/km2),22.1657060519,24.3075648415,26.1948126801,27.503962536
124,BHS,GDP per capita (current US$/inhab),28727.151577,31017.912645,28815.527404,30732.419232
125,BHS,Human Development Index (HDI) [highest = 1] (-),0.79,0.794,0.797,0.804
128,BHS,Total population with access to safe drinking-water (JMP) (%),96.9,97.6,98.4,98.4
129,BHS,Rural population with access to safe drinking-water (JMP) (%),96.9,97.6,98.4,98.4
130,BHS,Urban population with access to safe drinking-water (JMP) (%),96.9,97.6,98.4,98.4
132,BHR,Rural population (1000 inhab),85.478,119.256,146.117,161.409
133,BHR,Urban population (1000 inhab),649.67,916.635,1154.1,1331.175
134,BHR,Population density (inhab/km2),1035.4169014084,1381.2253333333,1688.238961039,1915.482051282
135,BHR,GDP per capita (current US$/inhab),13049.765634,20977.122529,23649.385091,23739.143918
136,BHR,Human Development Index (HDI) [highest = 1] (-),0.792,0.796,0.8,0.839
139,BHR,Total population with access to safe drinking-water (JMP) (%),100.0,100.0,100.0,100.0
140,BHR,Rural population with access to safe drinking-water (JMP) (%),100.0,100.0,100.0,100.0
141,BHR,Urban population with access to safe drinking-water (JMP) (%),100.0,100.0,100.0,100.0
143,BGD,Rural population (1000 inhab),102783.564,105592.037,105905.797,105622.933
144,BGD,Urban population (1000 inhab),33817.103,41547.154,49821.256,59046.818
145,BGD,Population density (inhab/km2),892.3486865149,960.9347703085,1017.1476424626,1079.1232691567
146,BGD,GDP per capita (current US$/inhab),345.494326,542.519448,827.725854,1491.67341
147,BGD,Human Development Index (HDI) [highest = 1] (-),0.485,0.521,0.567,0.609
150,BGD,Total population with access to safe drinking-water (JMP) (%),77.5,81.3,84.8,86.9
151,BGD,Rural population with access to safe drinking-water (JMP) (%),75.5,79.9,84.4,87.0
152,BGD,Urban population with access to safe drinking-water (JMP) (%),83.7,84.8,85.9,86.5
154,BRB,Rural population (1000 inhab),180.72,186.537,192.736,196.693
155,BRB,Urban population (1000 inhab),90.758,89.613,88.849,89.026
156,BRB,Population density (inhab/km2),635.8720930233,648.1395348837,659.7697674419,665.6558139535
157,BRB,GDP per capita (current US$/inhab),11789.822696,16925.583922,16371.951613,17423.251128
158,BRB,Human Development Index (HDI) [highest = 1] (-),0.774,0.796,0.811,0.813
161,BRB,Total population with access to safe drinking-water (JMP) (%),97.9,98.7,99.4,99.7
162,BRB,Rural population with access to safe drinking-water (JMP) (%),97.9,98.7,99.4,99.7
163,BRB,Urban population with access to safe drinking-water (JMP) (%),97.9,98.7,99.4,99.7
176,BEL,Rural population (1000 inhab),285.916,266.907,250.039,233.097
177,BEL,Urban population (1000 inhab),10078.969,10430.928,10833.511,11196.239
178,BEL,Population density (inhab/km2),339.4983622666,350.3954143465,363.0972158533,374.050049132
179,BEL,GDP per capita (current US$/inhab),24811.613253,43962.176891,44767.358857,44118.925664
180,BEL,Human Development Index (HDI) [highest = 1] (-),0.879,0.899,0.905,0.917
183,BEL,Total population with access to safe drinking-water (JMP) (%),100.0,100.0,100.0,100.0
184,BEL,Rural population with access to safe drinking-water (JMP) (%),100.0,100.0,100.0,100.0
185,BEL,Urban population with access to safe drinking-water (JMP) (%),100.0,100.0,100.0,100.0
187,BLZ,Rural population (1000 inhab),143.26,163.292,184.356,203.824
188,BLZ,Urban population (1000 inhab),118.946,135.115,152.345,170.857
189,BLZ,Population density (inhab/km2),11.4226382238,13.018067044,14.7148454506,16.3591205921
190,BLZ,GDP per capita (current US$/inhab),3528.001707,4261.293912,4523.003466,4901.752333
191,BLZ,Human Development Index (HDI) [highest = 1] (-),0.655,0.678,0.706,0.719
194,BLZ,Total population with access to safe drinking-water (JMP) (%),87.5,93.5,99.3,99.5
195,BLZ,Rural population with access to safe drinking-water (JMP) (%),82.2,91.5,100.0,100.0
196,BLZ,Urban population with access to safe drinking-water (JMP) (%),93.4,95.9,98.4,98.9
198,BEN,Rural population (1000 inhab),4447.579,4941.169,5436.123,5949.046
199,BEN,Urban population (1000 inhab),2847.815,3513.622,4293.037,5226.646
200,BEN,Population density (inhab/km2),63.5708783548,73.6736929244,84.7790955037,97.37886023
201,BEN,GDP per capita (current US$/inhab),418.702507,706.041722,834.303975,829.419035
202,BEN,Human Development Index (HDI) [highest = 1] (-),0.419,0.455,0.489,0.515
205,BEN,Total population with access to safe drinking-water (JMP) (%),67.7,72.0,76.2,77.9
206,BEN,Rural population with access to safe drinking-water (JMP) (%),60.5,65.3,70.2,72.1
207,BEN,Urban population with access to safe drinking-water (JMP) (%),79.1,81.6,84.2,85.2
220,BOL,Rural population (1000 inhab),3220.542,3296.72,3346.648,3417.155
221,BOL,Urban population (1000 inhab),5432.803,6144.724,6892.356,7634.445
222,BOL,Population density (inhab/km2),7.9582861512,8.7007218409,9.4464454113,10.1884751224
223,BOL,GDP per capita (current US$/inhab),913.575635,1389.626895,2645.227747,3393.959523
224,BOL,Human Development Index (HDI) [highest = 1] (-),0.625,0.638,0.663,0.7
227,BOL,Total population with access to safe drinking-water (JMP) (%),80.3,84.6,88.5,90.0
228,BOL,Rural population with access to safe drinking-water (JMP) (%),58.0,65.3,72.7,75.6
229,BOL,Urban population with access to safe drinking-water (JMP) (%),93.6,94.9,96.2,96.7
242,BWA,Rural population (1000 inhab),808.627,805.426,736.104,717.29
243,BWA,Urban population (1000 inhab),971.326,1108.988,1353.211,1574.371
244,BWA,Population density (inhab/km2),2.9302975607,3.2239337837,3.5060182559,3.7905557561
245,BWA,GDP per capita (current US$/inhab),3055.615173,5714.033395,6901.907802,7595.147598
246,BWA,Human Development Index (HDI) [highest = 1] (-),0.576,0.625,0.687,0.724
249,BWA,Total population with access to safe drinking-water (JMP) (%),95.0,95.5,96.1,96.2
250,BWA,Rural population with access to safe drinking-water (JMP) (%),89.7,90.9,92.0,92.3
251,BWA,Urban population with access to safe drinking-water (JMP) (%),99.4,99.3,99.2,99.2
253,BRA,Rural population (1000 inhab),32643.261,31618.718,30238.865,28654.406
254,BRA,Urban population (1000 inhab),147507.76,159407.919,170322.118,180633.872
255,BRA,Population density (inhab/km2),21.0829461106,22.3268645114,23.4021467231,24.4057581405
256,BRA,GDP per capita (current US$/inhab),2842.227202,7313.714303,12291.664395,9812.31098
257,BRA,Human Development Index (HDI) [highest = 1] (-),0.698,0.705,0.734,0.76
260,BRA,Total population with access to safe drinking-water (JMP) (%),94.2,95.9,97.5,98.1
261,BRA,Rural population with access to safe drinking-water (JMP) (%),77.3,81.3,85.4,87.0
262,BRA,Urban population with access to safe drinking-water (JMP) (%),97.9,98.8,99.6,100.0
275,BGR,Rural population (1000 inhab),2397.299,2173.353,1975.613,1794.614
276,BGR,Urban population (1000 inhab),5468.787,5393.596,5334.77,5289.957
277,BGR,Population density (inhab/km2),70.8734030093,68.2583063063,66.0720990991,63.985981982
278,BGR,GDP per capita (current US$/inhab),2085.285881,5868.092253,7388.398564,8321.113046
279,BGR,Human Development Index (HDI) [highest = 1] (-),0.729,0.764,0.786,0.813
282,BGR,Total population with access to safe drinking-water (JMP) (%),99.7,99.6,99.5,99.4
283,BGR,Rural population with access to safe drinking-water (JMP) (%),99.4,99.2,99.0,99.0
284,BGR,Urban population with access to safe drinking-water (JMP) (%),99.8,99.7,99.6,99.6
286,BFA,Rural population (1000 inhab),9925.754,10974.579,12301.228,13676.652
287,BFA,Urban population (1000 inhab),2367.346,3277.442,4269.988,5516.73
288,BFA,Population density (inhab/km2),44.8293341113,51.9729450806,60.4305047043,69.9921012326
289,BFA,GDP per capita (current US$/inhab),293.283995,534.351684,758.044678,738.274757
290,BFA,Human Development Index (HDI) [highest = 1] (-),0.296,0.344,0.394,0.429
293,BFA,Total population with access to safe drinking-water (JMP) (%),63.6,72.8,81.7,82.3
294,BFA,Rural population with access to safe drinking-water (JMP) (%),58.1,67.0,75.8,75.8
295,BFA,Urban population with access to safe drinking-water (JMP) (%),86.8,92.1,97.5,97.5
297,BDI,Rural population (1000 inhab),6156.269,7156.384,8276.416,9483.827
298,BDI,Urban population (1000 inhab),585.3,783.189,1043.294,1380.418
299,BDI,Population density (inhab/km2),240.8951850521,282.5085878548,332.2309737693,389.0412863816
300,BDI,GDP per capita (current US$/inhab),93.168453,170.815038,249.72898,296.110481
301,BDI,Human Development Index (HDI) [highest = 1] (-),0.304,0.363,0.416,0.421
304,BDI,Total population with access to safe drinking-water (JMP) (%),72.4,73.8,75.3,75.9
305,BDI,Rural population with access to safe drinking-water (JMP) (%),70.4,71.8,73.2,73.8
306,BDI,Urban population with access to safe drinking-water (JMP) (%),93.5,92.5,91.5,91.1
308,CPV,Rural population (1000 inhab),202.789,197.671,191.091,189.808
309,CPV,Urban population (1000 inhab),249.317,288.767,322.888,356.58
310,CPV,Population density (inhab/km2),109.9133995037,117.8808933002,125.3684863524,133.3741935484
311,CPV,GDP per capita (current US$/inhab),1562.052203,3112.292734,3408.481356,3239.065521
312,CPV,Human Development Index (HDI) [highest = 1] (-),0.576,0.615,0.634,0.647
315,CPV,Total population with access to safe drinking-water (JMP) (%),83.7,86.9,90.3,91.7
316,CPV,Rural population with access to safe drinking-water (JMP) (%),81.7,84.0,86.4,87.3
317,CPV,Urban population with access to safe drinking-water (JMP) (%),85.3,89.0,92.6,94.0
319,KHM,Rural population (1000 inhab),10256.921,11021.653,11668.224,12327.338
320,KHM,Urban population (1000 inhab),2377.808,2655.04,3108.642,3678.035
321,KHM,Population density (inhab/km2),69.8062693327,75.5632015024,81.6419244366,88.4302308882
322,KHM,GDP per capita (current US$/inhab),339.493035,631.676141,951.111743,1385.609732
323,KHM,Human Development Index (HDI) [highest = 1] (-),0.453,0.516,0.548,0.578
326,KHM,Total population with access to safe drinking-water (JMP) (%),46.1,57.4,68.8,75.5
327,KHM,Rural population with access to safe drinking-water (JMP) (%),42.2,52.6,62.9,69.1
328,KHM,Urban population with access to safe drinking-water (JMP) (%),62.9,77.4,91.9,100.0
330,CMR,Rural population (1000 inhab),8567.125,9244.465,9957.503,10637.19
331,CMR,Urban population (1000 inhab),7517.761,9150.924,11124.88,13416.537
332,CMR,Population density (inhab/km2),34.4051867744,39.3956797914,45.1902763756,51.6701855124
333,CMR,GDP per capita (current US$/inhab),731.699952,1215.808257,1380.509379,1455.460927
334,CMR,Human Development Index (HDI) [highest = 1] (-),0.457,0.481,0.524,0.56
337,CMR,Total population with access to safe drinking-water (JMP) (%),63.8,69.0,74.1,75.6
338,CMR,Rural population with access to safe drinking-water (JMP) (%),43.5,47.7,51.9,52.7
339,CMR,Urban population with access to safe drinking-water (JMP) (%),86.9,90.5,94.1,94.8
341,CAN,Rural population (1000 inhab),6299.155,6473.183,6583.389,6830.253
342,CAN,Urban population (1000 inhab),25021.734,26546.749,28317.316,29793.946
343,CAN,Population density (inhab/km2),3.1226132661,3.2981354416,3.4975647668,3.7179174574
344,CAN,GDP per capita (current US$/inhab),24285.404157,44482.932593,52396.830577,45057.287226
345,CAN,Human Development Index (HDI) [highest = 1] (-),0.877,0.891,0.906,0.921
348,CAN,Total population with access to safe drinking-water (JMP) (%),99.8,99.8,99.8,99.8
349,CAN,Rural population with access to safe drinking-water (JMP) (%),99.0,99.0,99.0,99.0
350,CAN,Urban population with access to safe drinking-water (JMP) (%),100.0,100.0,100.0,100.0
352,CAF,Rural population (1000 inhab),2430.45,2636.499,2721.724,2749.797
353,CAF,Urban population (1000 inhab),1477.162,1639.301,1768.692,1909.283
354,CAF,Population density (inhab/km2),6.1031301165,6.7385951395,7.1212815821,7.377480818
355,CAF,GDP per capita (current US$/inhab),265.450795,410.432816,498.116431,428.701433
356,CAF,Human Development Index (HDI) [highest = 1] (-),0.314,0.334,0.37,0.376
359,CAF,Total population with access to safe drinking-water (JMP) (%),63.4,65.7,68.2,68.5
360,CAF,Rural population with access to safe drinking-water (JMP) (%),50.4,52.4,54.4,54.4
361,CAF,Urban population with access to safe drinking-water (JMP) (%),84.8,87.2,89.6,89.6
363,TCD,Rural population (1000 inhab),7048.105,8419.328,9891.998,11494.121
364,TCD,Urban population (1000 inhab),1953.584,2356.38,2813.137,3405.873
365,TCD,Population density (inhab/km2),7.0243247664,8.4252523364,9.956970405,11.6952904984
366,TCD,GDP per capita (current US$/inhab),251.116021,779.290853,1102.218856,697.585531
367,TCD,Human Development Index (HDI) [highest = 1] (-),0.311,0.345,0.393,0.401
370,TCD,Total population with access to safe drinking-water (JMP) (%),45.7,48.2,50.7,50.8
371,TCD,Rural population with access to safe drinking-water (JMP) (%),41.3,43.0,44.8,44.8
372,TCD,Urban population with access to safe drinking-water (JMP) (%),61.6,66.7,71.8,71.8
374,CHL,Rural population (1000 inhab),2092.618,2160.337,2217.485,2258.558
375,CHL,Urban population (1000 inhab),13531.017,14331.35,15092.261,15796.168
376,CHL,Population density (inhab/km2),20.7438288586,21.8624454437,23.0132879249,24.4286955625
377,CHL,GDP per capita (current US$/inhab),4486.664579,10526.878133,15431.902825,15383.587714
378,CHL,Human Development Index (HDI) [highest = 1] (-),0.767,0.801,0.818,0.845
381,CHL,Total population with access to safe drinking-water (JMP) (%),95.6,97.3,98.7,99.0
382,CHL,Rural population with access to safe drinking-water (JMP) (%),71.7,81.5,91.3,93.3
383,CHL,Urban population with access to safe drinking-water (JMP) (%),99.3,99.5,99.6,99.7
385,CHN,Rural population (1000 inhab),806104.331,738685.151,669007.424,597816.52
386,CHN,Urban population (1000 inhab),521893.97,628350.588,737124.022,843314.783
387,CHN,Population density (inhab/km2),139.24637,143.3610030208,147.4129358333,151.314959354
388,CHN,GDP per capita (current US$/inhab),1259.120525,2812.2728,6390.956972,8843.579277
389,CHN,Human Development Index (HDI) [highest = 1] (-),0.61,0.67,0.719,0.753
392,CHN,Total population with access to safe drinking-water (JMP) (%),82.8,88.5,93.2,95.5
393,CHN,Rural population with access to safe drinking-water (JMP) (%),73.8,81.2,88.5,93.0
394,CHN,Urban population with access to safe drinking-water (JMP) (%),97.3,97.4,97.5,97.5
396,COL,Rural population (1000 inhab),10477.378,10287.615,9985.405,9594.518
397,COL,Urban population (1000 inhab),31095.113,34086.957,36896.07,39471.097
398,COL,Population density (inhab/km2),35.8006218524,38.3074368294,40.3553474929,42.8376455771
399,COL,GDP per capita (current US$/inhab),2334.165707,4635.692195,7904.495734,6354.5494
400,COL,Human Development Index (HDI) [highest = 1] (-),0.667,0.713,0.736,0.76
403,COL,Total population with access to safe drinking-water (JMP) (%),90.1,90.7,91.2,91.4
404,COL,Rural population with access to safe drinking-water (JMP) (%),71.4,72.5,73.6,73.8
405,COL,Urban population with access to safe drinking-water (JMP) (%),97.1,97.0,96.9,96.8
407,COM,Rural population (1000 inhab),410.073,462.822,520.293,579.639
408,COM,Urban population (1000 inhab),159.406,178.798,203.575,234.273
409,COM,Population density (inhab/km2),306.0069854917,344.7716281569,388.9688339602,437.3412144009
410,COM,GDP per capita (current US$/inhab),896.828746,1238.461619,1403.433358,1308.519021
411,COM,Human Development Index (HDI) [highest = 1] (-),0.467,0.492,0.529,0.539
414,COM,Total population with access to safe drinking-water (JMP) (%),90.1,90.1,90.1,90.1
415,COM,Rural population with access to safe drinking-water (JMP) (%),88.5,88.8,89.0,89.1
416,COM,Urban population with access to safe drinking-water (JMP) (%),94.2,93.5,92.9,92.6
418,COG,Rural population (1000 inhab),1375.924,1515.245,1660.183,1764.522
419,COG,Urban population (1000 inhab),2031.256,2461.001,2973.18,3496.228
420,COG,Population density (inhab/km2),9.679494152,11.3336812865,13.1877163743,14.9435526316
421,COG,GDP per capita (current US$/inhab),924.637953,2205.875176,3818.807922,2086.959331
422,COG,Human Development Index (HDI) [highest = 1] (-),0.504,0.523,0.571,0.609
425,COG,Total population with access to safe drinking-water (JMP) (%),70.1,72.8,75.3,76.5
426,COG,Rural population with access to safe drinking-water (JMP) (%),32.7,35.8,38.8,40.0
427,COG,Urban population with access to safe drinking-water (JMP) (%),95.3,95.5,95.7,95.8
440,CRI,Rural population (1000 inhab),1554.034,1390.626,1212.562,1051.813
441,CRI,Urban population (1000 inhab),2509.17,2978.843,3441.56,3853.956
442,CRI,Population density (inhab/km2),80.2529354207,86.1962426614,91.7416829746,96.8679843444
443,CRI,GDP per capita (current US$/inhab),4062.042919,6120.623515,9985.370345,11858.39574
444,CRI,Human Development Index (HDI) [highest = 1] (-),0.717,0.742,0.774,0.792
447,CRI,Total population with access to safe drinking-water (JMP) (%),95.5,96.6,97.5,97.8
448,CRI,Rural population with access to safe drinking-water (JMP) (%),89.3,90.5,91.7,91.9
449,CRI,Urban population with access to safe drinking-water (JMP) (%),99.4,99.5,99.5,99.6
451,CIV,Rural population (1000 inhab),9728.117,10292.928,11100.787,12068.187
452,CIV,Urban population (1000 inhab),7638.4,8793.013,10317.816,12226.563
453,CIV,Population density (inhab/km2),53.437756621,59.4530701482,66.8212739565,75.7845004032
454,CIV,GDP per capita (current US$/inhab),710.964717,1065.803927,1250.655107,1570.209076
455,CIV,Human Development Index (HDI) [highest = 1] (-),0.409,0.435,0.467,0.512
458,CIV,Total population with access to safe drinking-water (JMP) (%),78.5,79.8,81.2,81.9
459,CIV,Rural population with access to safe drinking-water (JMP) (%),67.7,68.2,68.6,68.8
460,CIV,Urban population with access to safe drinking-water (JMP) (%),91.7,92.3,92.8,93.1
484,CYP,Rural population (1000 inhab),305.847,340.577,371.602,391.192
485,CYP,Urban population (1000 inhab),671.119,723.135,763.46,788.359
486,CYP,Population density (inhab/km2),105.6177297297,114.996,122.7076756757,127.5327567568
487,CYP,GDP per capita (current US$/inhab),16041.793267,31353.202656,28912.42884,26473.007605
488,CYP,Human Development Index (HDI) [highest = 1] (-),0.814,0.844,0.852,0.871
491,CYP,Total population with access to safe drinking-water (JMP) (%),100.0,100.0,100.0,100.0
492,CYP,Rural population with access to safe drinking-water (JMP) (%),100.0,100.0,100.0,100.0
493,CYP,Urban population with access to safe drinking-water (JMP) (%),100.0,100.0,100.0,100.0
517,COD,Rural population (1000 inhab),31867.429,35944.533,40641.055,45647.604
518,COD,Urban population (1000 inhab),17968.327,22473.029,28337.627,35692.384
519,COD,Population density (inhab/km2),21.2685047295,24.9284319746,29.4349116792,34.7136988989
520,COD,GDP per capita (current US$/inhab),175.135745,286.508198,424.859809,462.779322
521,COD,Human Development Index (HDI) [highest = 1] (-),0.34,0.382,0.423,0.456
524,COD,Total population with access to safe drinking-water (JMP) (%),47.9,49.7,51.4,52.4
525,COD,Rural population with access to safe drinking-water (JMP) (%),27.4,28.8,30.3,31.2
526,COD,Urban population with access to safe drinking-water (JMP) (%),84.3,83.1,81.8,81.1
528,DNK,Rural population (1000 inhab),792.499,749.746,721.427,701.971
529,DNK,Urban population (1000 inhab),4580.302,4720.211,4889.233,5031.58
530,DNK,Population density (inhab/km2),124.6878858204,126.9417730332,130.7315936626,140.0506718788
531,DNK,GDP per capita (current US$/inhab),33247.991084,58395.947397,58308.452118,57454.289221
532,DNK,Human Development Index (HDI) [highest = 1] (-),0.883,0.904,0.924,0.929
535,DNK,Total population with access to safe drinking-water (JMP) (%),100.0,100.0,100.0,100.0
536,DNK,Rural population with access to safe drinking-water (JMP) (%),100.0,100.0,100.0,100.0
537,DNK,Urban population with access to safe drinking-water (JMP) (%),100.0,100.0,100.0,100.0
539,DJI,Rural population (1000 inhab),174.439,187.353,201.456,213.906
540,DJI,Urban population (1000 inhab),571.782,622.049,679.729,743.079
541,DJI,Population density (inhab/km2),32.1957758621,34.7177155172,37.4196982759,40.6939224138
542,DJI,GDP per capita (current US$/inhab),790.68091,1047.586896,1935.109991,2891.234525
543,DJI,Human Development Index (HDI) [highest = 1] (-),0.376,0.424,0.459,0.492
546,DJI,Total population with access to safe drinking-water (JMP) (%),83.7,87.1,89.9,90.0
547,DJI,Rural population with access to safe drinking-water (JMP) (%),62.6,63.8,64.7,64.7
548,DJI,Urban population with access to safe drinking-water (JMP) (%),90.1,94.2,97.4,97.4
561,DOM,Rural population (1000 inhab),3235.194,2849.396,2457.254,2123.575
562,DOM,Urban population (1000 inhab),5597.091,6654.957,7697.696,8643.423
563,DOM,Population density (inhab/km2),179.268029587,191.8812615574,204.0459420588,216.0078898706
564,DOM,GDP per capita (current US$/inhab),2904.654716,4606.383677,5973.229563,7059.653433
565,DOM,Human Development Index (HDI) [highest = 1] (-),0.662,0.689,0.708,0.741
568,DOM,Total population with access to safe drinking-water (JMP) (%),86.7,86.3,85.4,84.7
569,DOM,Rural population with access to safe drinking-water (JMP) (%),78.7,79.9,81.2,81.9
570,DOM,Urban population with access to safe drinking-water (JMP) (%),91.3,89.0,86.8,85.4
572,ECU,Rural population (1000 inhab),5082.637,5383.366,5707.115,6039.811
573,ECU,Urban population (1000 inhab),7989.423,8822.087,9712.551,10585.047
574,ECU,Population density (inhab/km2),51.2675625073,55.7653274564,60.3584701798,65.4731871904
575,ECU,GDP per capita (current US$/inhab),2183.966796,3590.718086,5702.104313,6273.488892
576,ECU,Human Development Index (HDI) [highest = 1] (-),0.679,0.706,0.74,0.757
579,ECU,Total population with access to safe drinking-water (JMP) (%),80.8,83.3,85.9,86.9
580,ECU,Rural population with access to safe drinking-water (JMP) (%),68.4,71.4,74.3,75.5
581,ECU,Urban population with access to safe drinking-water (JMP) (%),88.6,90.6,92.6,93.4
583,EGY,Rural population (1000 inhab),41457.204,45274.468,50100.764,55893.406
584,EGY,Urban population (1000 inhab),31132.914,34262.785,37712.493,41659.745
585,EGY,Population density (inhab/km2),71.3815397673,78.1188536622,86.2971121873,96.30295172
586,EGY,GDP per capita (current US$/inhab),1191.921608,1661.678543,3149.140561,2000.297246
587,EGY,Human Development Index (HDI) [highest = 1] (-),0.621,0.651,0.676,0.696
590,EGY,Total population with access to safe drinking-water (JMP) (%),96.4,97.6,98.8,99.4
591,EGY,Rural population with access to safe drinking-water (JMP) (%),94.8,96.4,98.0,99.0
592,EGY,Urban population with access to safe drinking-water (JMP) (%),98.4,99.2,99.9,100.0
594,SLV,Rural population (1000 inhab),2375.312,2264.614,2041.361,1832.049
595,SLV,Urban population (1000 inhab),3564.991,3818.861,4179.885,4545.804
596,SLV,Population density (inhab/km2),283.3714828897,290.200095057,296.479230038,303.6181558935
597,SLV,GDP per capita (current US$/inhab),2131.909815,2796.387074,3437.599641,3908.521206
598,SLV,Human Development Index (HDI) [highest = 1] (-),0.619,0.644,0.66,0.665
601,SLV,Total population with access to safe drinking-water (JMP) (%),83.4,87.7,91.6,93.8
602,SLV,Rural population with access to safe drinking-water (JMP) (%),67.9,75.0,82.2,86.5
603,SLV,Urban population with access to safe drinking-water (JMP) (%),93.8,95.2,96.6,97.5
605,GNQ,Rural population (1000 inhab),316.058,322.609,321.964,359.435
606,GNQ,Urban population (1000 inhab),350.349,506.718,716.629,908.254
607,GNQ,Population density (inhab/km2),23.4718003565,29.2936541889,36.7626024955,44.9911586453
608,GNQ,GDP per capita (current US$/inhab),4076.549262,15761.837638,21557.629609,9874.401949
609,GNQ,Human Development Index (HDI) [highest = 1] (-),0.536,0.585,0.587,0.59
612,GNQ,Total population with access to safe drinking-water (JMP) (%),47.3,47.4,47.7,47.9
613,GNQ,Rural population with access to safe drinking-water (JMP) (%),38.7,35.4,32.1,31.5
614,GNQ,Urban population with access to safe drinking-water (JMP) (%),60.9,66.2,71.5,72.5
638,SWZ,Rural population (1000 inhab),838.528,889.921,962.964,1044.238
639,SWZ,Urban population (1000 inhab),242.402,248.513,285.194,323.016
640,SWZ,Population density (inhab/km2),58.7015552995,60.0605990783,62.1709677419,64.7929147465
641,SWZ,GDP per capita (current US$/inhab),1324.990322,3047.496058,3915.065544,3251.938239
642,SWZ,Human Development Index (HDI) [highest = 1] (-),0.445,0.482,0.542,0.603
645,SWZ,Total population with access to safe drinking-water (JMP) (%),55.6,64.8,74.2,74.1
646,SWZ,Rural population with access to safe drinking-water (JMP) (%),45.7,57.3,68.9,68.9
647,SWZ,Urban population with access to safe drinking-water (JMP) (%),89.6,91.6,93.6,93.6
649,ETH,Rural population (1000 inhab),59839.634,67946.189,75656.319,83640.582
650,ETH,Urban population (1000 inhab),10657.558,13054.22,16787.864,21316.856
651,ETH,Population density (inhab/km2),63.5172425971,73.0547387485,83.9690165716,96.3505605361
652,ETH,GDP per capita (current US$/inhab),109.097264,234.467508,456.605361,731.580209
653,ETH,Human Development Index (HDI) [highest = 1] (-),0.306,0.377,0.429,0.467
656,ETH,Total population with access to safe drinking-water (JMP) (%),32.7,42.0,51.6,57.3
657,ETH,Rural population with access to safe drinking-water (JMP) (%),22.8,32.8,42.7,48.6
658,ETH,Urban population with access to safe drinking-water (JMP) (%),87.9,89.9,91.9,93.1
671,FJI,Rural population (1000 inhab),418.511,411.92,408.88,400.76
672,FJI,Urban population (1000 inhab),397.18,422.892,464.716,504.742
673,FJI,Population density (inhab/km2),44.6227148331,45.7684729064,47.3491516147,48.0273125342
674,FJI,GDP per capita (current US$/inhab),2288.98694,4046.764379,4546.755785,5912.155229
675,FJI,Human Development Index (HDI) [highest = 1] (-),0.678,0.691,0.702,0.721
678,FJI,Total population with access to safe drinking-water (JMP) (%),91.6,93.8,95.6,95.7
679,FJI,Rural population with access to safe drinking-water (JMP) (%),86.3,89.0,91.2,91.2
680,FJI,Urban population with access to safe drinking-water (JMP) (%),97.2,98.5,99.5,99.5
682,FIN,Rural population (1000 inhab),912.167,891.744,820.527,810.547
683,FIN,Urban population (1000 inhab),4301.206,4406.27,4592.453,4712.684
684,FIN,Population density (inhab/km2),15.4173177584,15.6543318953,16.0001477454,16.2841512779
685,FIN,GDP per capita (current US$/inhab),26805.051927,48327.433191,47719.525035,46180.40861
686,FIN,Human Development Index (HDI) [highest = 1] (-),0.867,0.901,0.908,0.924
689,FIN,Total population with access to safe drinking-water (JMP) (%),100.0,100.0,100.0,100.0
690,FIN,Rural population with access to safe drinking-water (JMP) (%),100.0,100.0,100.0,100.0
691,FIN,Urban population with access to safe drinking-water (JMP) (%),100.0,100.0,100.0,100.0
693,FRA,Rural population (1000 inhab),14224.922,13866.281,13442.096,12879.012
694,FRA,Urban population (1000 inhab),46000.154,48094.669,50197.777,52100.536
695,FRA,Population density (inhab/km2),108.9137318108,112.675931086,115.7628457994,118.0915028037
696,FRA,GDP per capita (current US$/inhab),24044.598089,41504.468752,40790.635786,38566.566085
697,FRA,Human Development Index (HDI) [highest = 1] (-),0.845,0.867,0.878,0.89
700,FRA,Total population with access to safe drinking-water (JMP) (%),100.0,100.0,100.0,100.0
701,FRA,Rural population with access to safe drinking-water (JMP) (%),100.0,100.0,100.0,100.0
702,FRA,Urban population with access to safe drinking-water (JMP) (%),100.0,100.0,100.0,100.0
704,GAB,Rural population (1000 inhab),254.12,242.107,234.816,223.245
705,GAB,Urban population (1000 inhab),1040.289,1247.086,1522.001,1801.892
706,GAB,Population density (inhab/km2),4.8130720664,5.501457018,6.5367131169,7.7140620914
707,GAB,GDP per capita (current US$/inhab),4174.348162,8352.817404,9774.192338,7372.081131
708,GAB,Human Development Index (HDI) [highest = 1] (-),0.632,0.643,0.672,0.7
711,GAB,Total population with access to safe drinking-water (JMP) (%),85.6,89.3,92.2,93.2
712,GAB,Rural population with access to safe drinking-water (JMP) (%),44.4,53.7,63.0,66.7
713,GAB,Urban population with access to safe drinking-water (JMP) (%),94.9,95.8,96.8,97.2
715,GMB,Rural population (1000 inhab),659.831,715.979,773.029,827.654
716,GMB,Urban population (1000 inhab),651.518,823.137,1029.096,1272.914
717,GMB,Population density (inhab/km2),124.2708849558,145.1192920354,168.5852212389,195.919380531
718,GMB,GDP per capita (current US$/inhab),732.822338,831.45327,785.18679,716.451019
719,GMB,Human Development Index (HDI) [highest = 1] (-),0.392,0.424,0.441,0.459
722,GMB,Total population with access to safe drinking-water (JMP) (%),84.0,87.1,90.1,90.2
723,GMB,Rural population with access to safe drinking-water (JMP) (%),77.6,81.0,84.4,84.4
724,GMB,Urban population with access to safe drinking-water (JMP) (%),90.4,92.3,94.2,94.2
737,DEU,Rural population (1000 inhab),20097.558,19215.385,18507.405,18672.1
738,DEU,Urban population (1000 inhab),61514.31,62129.072,62558.823,63442.124
739,DEU,Population density (inhab/km2),228.3641104638,227.6052366284,226.7061287342,231.3741329601
740,DEU,GDP per capita (current US$/inhab),25348.252377,42056.381691,43511.891834,44642.742052
741,DEU,Human Development Index (HDI) [highest = 1] (-),0.883,0.914,0.927,0.938
744,DEU,Total population with access to safe drinking-water (JMP) (%),100.0,100.0,100.0,100.0
745,DEU,Rural population with access to safe drinking-water (JMP) (%),100.0,100.0,100.0,100.0
746,DEU,Urban population with access to safe drinking-water (JMP) (%),100.0,100.0,100.0,100.0
748,GHA,Rural population (1000 inhab),10903.66,11652.304,12333.058,12857.864
749,GHA,Urban population (1000 inhab),9020.862,11047.908,13399.991,15975.765
750,GHA,Population density (inhab/km2),84.8762513625,96.2687431877,108.9815125346,122.0821036304
751,GHA,GDP per capita (current US$/inhab),656.474772,1443.611449,2157.25583,2046.043362
752,GHA,Human Development Index (HDI) [highest = 1] (-),0.487,0.529,0.57,0.591
755,GHA,Total population with access to safe drinking-water (JMP) (%),73.1,79.5,85.4,88.7
756,GHA,Rural population with access to safe drinking-water (JMP) (%),60.7,69.7,78.6,84.0
757,GHA,Urban population with access to safe drinking-water (JMP) (%),88.2,89.9,91.6,92.6
759,GRC,Rural population (1000 inhab),2994.553,2822.571,2616.562,2374.332
760,GRC,Urban population (1000 inhab),8222.246,8558.326,8761.695,8785.441
761,GRC,Population density (inhab/km2),84.7401106396,84.2706729312,81.6999469536,80.0958623825
762,GRC,GDP per capita (current US$/inhab),13714.959542,27983.874204,21591.239031,18243.102459
763,GRC,Human Development Index (HDI) [highest = 1] (-),0.818,0.849,0.856,0.871
766,GRC,Total population with access to safe drinking-water (JMP) (%),99.1,99.7,100.0,100.0
767,GRC,Rural population with access to safe drinking-water (JMP) (%),97.0,98.9,100.0,100.0
768,GRC,Urban population with access to safe drinking-water (JMP) (%),99.8,99.9,100.0,100.0
770,GRD,Rural population (1000 inhab),65.432,66.416,67.646,68.831
771,GRD,Urban population (1000 inhab),36.668,37.17,37.835,38.994
772,GRD,Population density (inhab/km2),304.8058823529,309.3823529412,316.0176470588,326.1
773,GRD,GDP per capita (current US$/inhab),5292.233468,7324.205831,7583.180682,10439.931494
774,GRD,Human Development Index (HDI) [highest = 1] (-),0.711,0.74,0.747,0.76
777,GRD,Total population with access to safe drinking-water (JMP) (%),96.6,96.6,96.6,96.6
778,GRD,Rural population with access to safe drinking-water (JMP) (%),95.3,95.3,95.3,95.3
779,GRD,Urban population with access to safe drinking-water (JMP) (%),99.0,99.0,99.0,99.0
781,GTM,Rural population (1000 inhab),6592.165,7191.525,7788.239,8341.671
782,GTM,Urban population (1000 inhab),5616.683,6508.761,7482.817,8571.832
783,GTM,Population density (inhab/km2),112.1209293783,125.8180457342,140.2403434659,155.3399761227
784,GTM,GDP per capita (current US$/inhab),1701.761695,2489.954536,3299.603276,4470.96539
785,GTM,Human Development Index (HDI) [highest = 1] (-),0.56,0.588,0.613,0.649
788,GTM,Total population with access to safe drinking-water (JMP) (%),85.2,88.7,92.0,92.8
789,GTM,Rural population with access to safe drinking-water (JMP) (%),77.6,81.8,86.0,86.8
790,GTM,Urban population with access to safe drinking-water (JMP) (%),94.3,96.2,98.0,98.4
792,GIN,Rural population (1000 inhab),6266.378,6782.797,7416.978,8165.321
793,GIN,Urban population (1000 inhab),2870.967,3313.93,3864.491,4551.855
794,GIN,Population density (inhab/km2),34.9226144961,38.7137476613,43.3255958676,49.0828886358
795,GIN,GDP per capita (current US$/inhab),446.469879,622.173654,677.043493,779.651277
796,GIN,Human Development Index (HDI) [highest = 1] (-),0.351,0.393,0.431,0.463
799,GIN,Total population with access to safe drinking-water (JMP) (%),64.8,69.8,74.8,76.8
800,GIN,Rural population with access to safe drinking-water (JMP) (%),53.3,59.2,65.0,67.4
801,GIN,Urban population with access to safe drinking-water (JMP) (%),89.5,90.9,92.2,92.7
825,HTI,Rural population (1000 inhab),5394.951,5296.958,5198.418,5013.421
826,HTI,Urban population (1000 inhab),3439.782,4259.931,5090.792,5967.808
827,HTI,Population density (inhab/km2),315.4648648649,342.173981982,369.4028828829,395.7609369369
828,HTI,GDP per capita (current US$/inhab),363.85699,646.054228,759.782595,775.972532
829,HTI,Human Development Index (HDI) [highest = 1] (-),0.444,0.46,0.478,0.501
832,HTI,Total population with access to safe drinking-water (JMP) (%),60.8,60.2,58.5,57.7
833,HTI,Rural population with access to safe drinking-water (JMP) (%),49.0,48.4,47.9,47.6
834,HTI,Urban population with access to safe drinking-water (JMP) (%),79.2,73.2,67.3,64.9
847,HND,Rural population (1000 inhab),3664.258,3861.301,3980.456,4034.31
848,HND,Urban population (1000 inhab),3198.899,3846.671,4525.19,5230.757
849,HND,Population density (inhab/km2),61.5989421282,69.4152191306,76.8129700418,83.8208996355
850,HND,GDP per capita (current US$/inhab),1145.247701,1603.697792,2178.383025,2493.320528
851,HND,Human Development Index (HDI) [highest = 1] (-),0.564,0.595,0.6,0.621
854,HND,Total population with access to safe drinking-water (JMP) (%),82.3,85.9,89.3,91.2
855,HND,Rural population with access to safe drinking-water (JMP) (%),71.4,76.1,80.9,83.8
856,HND,Urban population with access to safe drinking-water (JMP) (%),94.8,95.8,96.8,97.4
858,HUN,Rural population (1000 inhab),3550.56,3265.684,2992.731,2813.212
859,HUN,Urban population (1000 inhab),6617.312,6758.203,6876.953,6908.347
860,HUN,Population density (inhab/km2),109.2903686983,107.7517897452,106.0341610233,104.5880146189
861,HUN,GDP per capita (current US$/inhab),6648.666822,13963.24361,12984.579021,14556.367247
862,HUN,Human Development Index (HDI) [highest = 1] (-),0.784,0.814,0.826,0.841
865,HUN,Total population with access to safe drinking-water (JMP) (%),98.6,99.7,100.0,100.0
866,HUN,Rural population with access to safe drinking-water (JMP) (%),97.1,99.2,100.0,100.0
867,HUN,Urban population with access to safe drinking-water (JMP) (%),99.4,99.8,100.0,100.0
869,ISL,Rural population (1000 inhab),20.939,20.516,20.834,20.862
870,ISL,Urban population (1000 inhab),264.39,284.684,304.692,314.163
871,ISL,Population density (inhab/km2),2.770184466,2.9629417476,3.1616699029,3.2465339806
872,ISL,GDP per capita (current US$/inhab),32575.221133,70494.636086,45231.650511,73108.083207
873,ISL,Human Development Index (HDI) [highest = 1] (-),0.876,0.899,0.908,0.935
876,ISL,Total population with access to safe drinking-water (JMP) (%),100.0,100.0,100.0,100.0
877,ISL,Rural population with access to safe drinking-water (JMP) (%),100.0,100.0,100.0,100.0
878,ISL,Urban population with access to safe drinking-water (JMP) (%),100.0,100.0,100.0,100.0
880,IND,Rural population (1000 inhab),782001.968,826881.86,863513.505,889216.746
881,IND,Urban population (1000 inhab),307805.144,352799.379,399552.347,449963.381
882,IND,Population density (inhab/km2),332.5922467344,359.9379032994,385.0563225909,407.2319172295
883,IND,GDP per capita (current US$/inhab),470.518693,1004.275095,1473.301833,1960.222536
884,IND,Human Development Index (HDI) [highest = 1] (-),0.508,0.558,0.6,0.643
887,IND,Total population with access to safe drinking-water (JMP) (%),82.5,87.4,92.2,94.1
888,IND,Rural population with access to safe drinking-water (JMP) (%),78.4,84.4,90.3,92.6
889,IND,Urban population with access to safe drinking-water (JMP) (%),93.0,94.7,96.4,97.1
891,IDN,Rural population (1000 inhab),122744.187,122237.436,121265.363,119696.518
892,IDN,Urban population (1000 inhab),94763.872,110751.705,127617.869,144294.861
893,IDN,Population density (inhab/km2),113.7445081714,121.602698686,130.0161293192,133.6939054694
894,IDN,GDP per capita (current US$/inhab),957.780616,1975.167375,3687.95401,3846.426581
895,IDN,Human Development Index (HDI) [highest = 1] (-),0.616,0.644,0.682,0.704
898,IDN,Total population with access to safe drinking-water (JMP) (%),79.3,82.6,85.7,87.4
899,IDN,Rural population with access to safe drinking-water (JMP) (%),69.7,73.5,77.2,79.5
900,IDN,Urban population with access to safe drinking-water (JMP) (%),91.7,92.7,93.6,94.2
902,IRN,Rural population (1000 inhab),23475.745,22427.746,21594.353,20782.6
903,IRN,Urban population (1000 inhab),44507.585,49603.357,54859.221,60380.188
904,IRN,Population density (inhab/km2),38.5553081397,40.8769876515,43.2856075409,46.2274778672
905,IRN,GDP per capita (current US$/inhab),2207.160338,4857.368423,7887.233696,5679.648509
906,IRN,Human Development Index (HDI) [highest = 1] (-),0.683,0.736,0.782,0.799
909,IRN,Total population with access to safe drinking-water (JMP) (%),94.5,95.4,96.0,96.2
910,IRN,Rural population with access to safe drinking-water (JMP) (%),87.6,89.6,91.7,92.1
911,IRN,Urban population with access to safe drinking-water (JMP) (%),98.2,98.0,97.7,97.7
913,IRQ,Rural population (1000 inhab),7829.905,8837.116,10019.158,11375.936
914,IRQ,Urban population (1000 inhab),17109.394,19553.317,22757.413,26898.682
915,IRQ,Population density (inhab/km2),56.880632871,63.6777879175,73.2699453175,86.3179137207
916,IRQ,GDP per capita (current US$/inhab),977.977863,3129.224876,6651.12261,4980.948425
917,IRQ,Human Development Index (HDI) [highest = 1] (-),0.616,0.639,0.662,0.684
920,IRQ,Total population with access to safe drinking-water (JMP) (%),81.3,83.7,86.1,86.6
921,IRQ,Rural population with access to safe drinking-water (JMP) (%),52.2,60.3,68.5,70.1
922,IRQ,Urban population with access to safe drinking-water (JMP) (%),94.7,94.3,93.9,93.8
924,IRL,Rural population (1000 inhab),1604.488,1717.899,1780.388,1764.335
925,IRL,Urban population (1000 inhab),2371.8,2680.174,2897.729,2997.322
926,IRL,Population density (inhab/km2),55.6061183836,61.5344479226,65.569123506,67.6334519067
927,IRL,GDP per capita (current US$/inhab),32179.605831,61368.715316,48096.164328,70492.921726
928,IRL,Human Development Index (HDI) [highest = 1] (-),0.871,0.899,0.899,0.939
931,IRL,Total population with access to safe drinking-water (JMP) (%),96.6,97.1,97.7,97.9
932,IRL,Rural population with access to safe drinking-water (JMP) (%),97.1,97.4,97.7,97.8
933,IRL,Urban population with access to safe drinking-water (JMP) (%),96.2,96.9,97.6,97.9
935,ISR,Rural population (1000 inhab),540.933,578.65,619.009,637.763
936,ISR,Urban population (1000 inhab),5698.352,6344.035,7080.096,7683.807
937,ISR,Population density (inhab/km2),279.5338921613,310.2465337562,345.0363389216,373.5318531944
938,ISR,GDP per capita (current US$/inhab),19412.992072,25851.249172,33403.901948,42450.331893
939,ISR,Human Development Index (HDI) [highest = 1] (-),0.865,0.881,0.893,0.904
942,ISR,Total population with access to safe drinking-water (JMP) (%),100.0,100.0,100.0,100.0
943,ISR,Rural population with access to safe drinking-water (JMP) (%),100.0,100.0,100.0,100.0
944,ISR,Urban population with access to safe drinking-water (JMP) (%),100.0,100.0,100.0,100.0
957,JAM,Rural population (1000 inhab),1287.06,1299.356,1303.108,1289.697
958,JAM,Urban population (1000 inhab),1408.386,1476.111,1537.884,1600.602
959,JAM,Population density (inhab/km2),245.0268425842,251.8859872611,258.6107370337,265.7732484076
960,JAM,GDP per capita (current US$/inhab),3605.711991,4611.691572,5211.875688,5122.769551
961,JAM,Human Development Index (HDI) [highest = 1] (-),0.683,0.71,0.722,0.725
964,JAM,Total population with access to safe drinking-water (JMP) (%),93.5,93.7,93.8,93.8
965,JAM,Rural population with access to safe drinking-water (JMP) (%),89.0,89.2,89.4,89.4
966,JAM,Urban population with access to safe drinking-water (JMP) (%),97.7,97.6,97.5,97.5
979,JOR,Rural population (1000 inhab),1147.614,1091.804,944.332,897.788
980,JOR,Urban population (1000 inhab),4139.874,5101.387,7048.241,8804.565
981,JOR,Population density (inhab/km2),59.89531426,70.4582113089,90.5727944469,109.5593708016
982,JOR,GDP per capita (current US$/inhab),1831.211668,2791.649653,3870.49539,4195.802289
983,JOR,Human Development Index (HDI) [highest = 1] (-),0.706,0.735,0.726,0.722
986,JOR,Total population with access to safe drinking-water (JMP) (%),96.8,96.9,96.9,96.9
987,JOR,Rural population with access to safe drinking-water (JMP) (%),91.2,91.7,92.1,92.3
988,JOR,Urban population with access to safe drinking-water (JMP) (%),98.2,98.0,97.9,97.8
1001,KEN,Rural population (1000 inhab),26374.762,29547.088,33007.2,36498.515
1002,KEN,Urban population (1000 inhab),6839.247,8538.821,10639.429,13201.347
1003,KEN,Population density (inhab/km2),58.1555542154,66.691820735,76.405512001,86.5329737926
1004,KEN,GDP per capita (current US$/inhab),454.39481,839.137441,1154.961092,1584.659911
1005,KEN,Human Development Index (HDI) [highest = 1] (-),0.45,0.507,0.545,0.574
1008,KEN,Total population with access to safe drinking-water (JMP) (%),53.5,57.7,61.6,63.2
1009,KEN,Rural population with access to safe drinking-water (JMP) (%),44.9,49.9,54.8,56.8
1010,KEN,Urban population with access to safe drinking-water (JMP) (%),86.6,84.6,82.5,81.6
1012,KIR,Rural population (1000 inhab),49.355,53.1,54.285,54.402
1013,KIR,Urban population (1000 inhab),37.988,43.211,52.328,61.996
1014,KIR,Population density (inhab/km2),107.7839506173,119.1691358025,131.3209876543,140.9358024691
1015,KIR,GDP per capita (current US$/inhab),844.124307,1377.562099,1783.298528,1594.344097
1016,KIR,Human Development Index (HDI) [highest = 1] (-),0.58,0.583,0.596,0.623
1019,KIR,Total population with access to safe drinking-water (JMP) (%),60.3,63.5,66.7,66.9
1020,KIR,Rural population with access to safe drinking-water (JMP) (%),44.0,47.3,50.6,50.6
1021,KIR,Urban population with access to safe drinking-water (JMP) (%),81.5,84.4,87.4,87.3
1023,KWT,Rural population (1000 inhab),0.0,0.0,0.0,0.0
1024,KWT,Urban population (1000 inhab),2143.833,2503.41,3395.556,4136.528
1025,KWT,Population density (inhab/km2),119.9212682379,140.5173400673,187.9266554433,227.614983165
1026,KWT,GDP per capita (current US$/inhab),17788.585601,45791.727107,51257.349198,28897.241961
1027,KWT,Human Development Index (HDI) [highest = 1] (-),0.788,0.789,0.8,0.809
1030,KWT,Total population with access to safe drinking-water (JMP) (%),99.0,99.0,99.0,99.0
1031,KWT,Rural population with access to safe drinking-water (JMP) (%),99.0,99.0,99.0,99.0
1032,KWT,Urban population with access to safe drinking-water (JMP) (%),99.0,99.0,99.0,99.0
1034,KGZ,Rural population (1000 inhab),3229.231,3358.424,3612.53,3860.7
1035,KGZ,Urban population (1000 inhab),1761.456,1831.296,1981.578,2184.417
1036,KGZ,Population density (inhab/km2),24.963655914,25.9284421105,28.1149087272,30.956404101
1037,KGZ,GDP per capita (current US$/inhab),321.73864,732.712087,1180.730955,1274.241408
1038,KGZ,Human Development Index (HDI) [highest = 1] (-),0.604,0.628,0.649,0.671
1041,KGZ,Total population with access to safe drinking-water (JMP) (%),80.0,83.8,87.6,90.0
1042,KGZ,Rural population with access to safe drinking-water (JMP) (%),71.1,76.9,82.7,86.2
1043,KGZ,Urban population with access to safe drinking-water (JMP) (%),96.2,96.4,96.6,96.7
1045,LAO,Rural population (1000 inhab),4175.525,4265.018,4409.554,4501.174
1046,LAO,Urban population (1000 inhab),1321.748,1684.769,2005.615,2356.986
1047,LAO,Population density (inhab/km2),23.1978293919,25.1053547297,27.2150760135,29.3624788851
1048,LAO,GDP per capita (current US$/inhab),346.875223,768.096132,1588.633919,2457.379901
1049,LAO,Human Development Index (HDI) [highest = 1] (-),0.48,0.521,0.569,0.602
1052,LAO,Total population with access to safe drinking-water (JMP) (%),50.1,61.2,71.5,75.7
1053,LAO,Rural population with access to safe drinking-water (JMP) (%),42.4,53.7,64.9,69.4
1054,LAO,Urban population with access to safe drinking-water (JMP) (%),74.1,78.9,83.7,85.6
1056,LVA,Rural population (1000 inhab),749.886,705.716,663.369,622.436
1057,LVA,Urban population (1000 inhab),1582.606,1492.802,1403.005,1327.234
1058,LVA,Population density (inhab/km2),36.1296468401,34.0472273854,32.0877171216,30.216772495
1059,LVA,GDP per capita (current US$/inhab),4085.70217,14054.779299,13635.782216,15527.246924
1060,LVA,Human Development Index (HDI) [highest = 1] (-),0.76,0.818,0.825,0.849
1063,LVA,Total population with access to safe drinking-water (JMP) (%),98.3,98.7,99.1,99.3
1064,LVA,Rural population with access to safe drinking-water (JMP) (%),95.6,96.7,97.7,98.3
1065,LVA,Urban population with access to safe drinking-water (JMP) (%),99.6,99.7,99.8,99.8
1100,LBY,Rural population (1000 inhab),1291.813,1347.074,1331.872,1286.565
1101,LBY,Urban population (1000 inhab),4235.702,4623.288,4866.386,5088.051
1102,LBY,Population density (inhab/km2),3.1434857974,3.3956528411,3.5723814179,3.7400252339
1103,LBY,GDP per capita (current US$/inhab),3964.286023,10496.525432,16321.621458,3940.67063
1104,LBY,Human Development Index (HDI) [highest = 1] (-),0.737,0.754,0.742,0.704
1107,LBY,Total population with access to safe drinking-water (JMP) (%),71.2,71.2,71.2,71.2
1108,LBY,Rural population with access to safe drinking-water (JMP) (%),68.3,68.3,68.3,68.3
1109,LBY,Urban population with access to safe drinking-water (JMP) (%),72.1,72.1,72.1,72.1
1122,LTU,Rural population (1000 inhab),1142.699,1083.093,1006.428,938.898
1123,LTU,Urban population (1000 inhab),2302.055,2176.998,2030.818,1951.399
1124,LTU,Population density (inhab/km2),52.7528790199,49.9078101072,46.639525268,43.583831143
1125,LTU,GDP per capita (current US$/inhab),4144.097841,12187.262977,14105.718512,16521.107737
1126,LTU,Human Development Index (HDI) [highest = 1] (-),0.778,0.826,0.835,0.866
1129,LTU,Total population with access to safe drinking-water (JMP) (%),91.8,93.8,95.8,96.6
1130,LTU,Rural population with access to safe drinking-water (JMP) (%),81.3,85.1,88.9,90.4
1131,LTU,Urban population with access to safe drinking-water (JMP) (%),97.0,98.1,99.2,99.7
1133,LUX,Rural population (1000 inhab),65.234,59.77,57.239,54.103
1134,LUX,Urban population (1000 inhab),378.492,414.952,475.148,529.352
1135,LUX,Population density (inhab/km2),171.3227799228,183.3648648649,204.9640926641,228.5366795367
1136,LUX,GDP per capita (current US$/inhab),53225.195448,107190.150392,106460.078452,110003.247419
1137,LUX,Human Development Index (HDI) [highest = 1] (-),0.869,0.888,0.892,0.908
1140,LUX,Total population with access to safe drinking-water (JMP) (%),100.0,100.0,100.0,100.0
1141,LUX,Rural population with access to safe drinking-water (JMP) (%),100.0,100.0,100.0,100.0
1142,LUX,Urban population with access to safe drinking-water (JMP) (%),100.0,100.0,100.0,100.0
1144,MDG,Rural population (1000 inhab),12127.427,13595.04,14921.525,16231.87
1145,MDG,Urban population (1000 inhab),4637.69,5838.483,7425.048,9339.025
1146,MDG,Population density (inhab/km2),28.5587302398,33.1042688744,38.0497956751,43.53946824
1147,MDG,GDP per capita (current US$/inhab),304.496108,438.655456,518.154397,515.285585
1148,MDG,Human Development Index (HDI) [highest = 1] (-),0.457,0.491,0.507,0.518
1151,MDG,Total population with access to safe drinking-water (JMP) (%),39.6,44.0,48.7,51.5
1152,MDG,Rural population with access to safe drinking-water (JMP) (%),25.5,29.3,33.0,35.3
1153,MDG,Urban population with access to safe drinking-water (JMP) (%),76.3,78.4,80.4,81.6
1155,MWI,Rural population (1000 inhab),10237.35,11732.355,13551.942,15509.514
1156,MWI,Urban population (1000 inhab),1776.361,2108.614,2545.363,3112.59
1157,MWI,Population density (inhab/km2),98.8661715057,112.6080857529,129.9461090479,149.1407494936
1158,MWI,GDP per capita (current US$/inhab),290.967701,320.276526,355.428098,340.870048
1159,MWI,Human Development Index (HDI) [highest = 1] (-),0.363,0.394,0.452,0.482
1162,MWI,Total population with access to safe drinking-water (JMP) (%),66.2,75.5,84.7,90.2
1163,MWI,Rural population with access to safe drinking-water (JMP) (%),61.6,72.2,82.8,89.1
1164,MWI,Urban population with access to safe drinking-water (JMP) (%),93.3,94.2,95.1,95.7
1166,MYS,Rural population (1000 inhab),8746.392,8424.428,8087.429,7764.814
1167,MYS,Urban population (1000 inhab),15452.419,18201.417,21083.027,23859.45
1168,MYS,Population density (inhab/km2),73.1813512696,80.775,87.8723972189,94.0285550181
1169,MYS,GDP per capita (current US$/inhab),4167.375261,7269.235885,10779.504483,10085.77479
1170,MYS,Human Development Index (HDI) [highest = 1] (-),0.724,0.751,0.782,0.802
1173,MYS,Total population with access to safe drinking-water (JMP) (%),94.8,96.4,97.9,98.2
1174,MYS,Rural population with access to safe drinking-water (JMP) (%),89.3,90.8,92.4,93.0
1175,MYS,Urban population with access to safe drinking-water (JMP) (%),97.9,99.0,100.0,100.0
1177,MDV,Rural population (1000 inhab),205.915,217.772,242.277,264.503
1178,MDV,Urban population (1000 inhab),88.426,118.298,143.926,171.827
1179,MDV,Population density (inhab/km2),980.62,1117.23,1324.1233333333,1654.6733333333
1180,MDV,GDP per capita (current US$/inhab),3102.950282,5559.506828,7473.178449,10854.169233
1181,MDV,Human Development Index (HDI) [highest = 1] (-),0.619,0.647,0.688,0.716
1184,MDV,Total population with access to safe drinking-water (JMP) (%),95.9,97.5,98.6,98.6
1185,MDV,Rural population with access to safe drinking-water (JMP) (%),94.2,96.3,97.9,97.9
1186,MDV,Urban population with access to safe drinking-water (JMP) (%),99.8,99.7,99.5,99.5
1188,MLI,Rural population (1000 inhab),8169.81,9078.96,9988.283,10833.712
1189,MLI,Urban population (1000 inhab),3469.119,4596.646,6018.387,7708.268
1190,MLI,Population density (inhab/km2),9.3670219886,11.0075585193,12.8847160516,14.9270918166
1191,MLI,GDP per capita (current US$/inhab),334.2024,595.636854,777.347632,829.238323
1192,MLI,Human Development Index (HDI) [highest = 1] (-),0.33,0.367,0.408,0.426
1195,MLI,Total population with access to safe drinking-water (JMP) (%),50.6,60.8,70.9,77.0
1196,MLI,Rural population with access to safe drinking-water (JMP) (%),40.8,49.7,58.7,64.1
1197,MLI,Urban population with access to safe drinking-water (JMP) (%),73.9,82.6,91.3,96.5
1199,MLT,Rural population (1000 inhab),28.474,25.207,24.36,23.498
1200,MLT,Urban population (1000 inhab),372.829,385.117,396.429,407.337
1201,MLT,Population density (inhab/km2),1245.99375,1274.5375,1318.153125,1368.540625
1202,MLT,GDP per capita (current US$/inhab),11131.599034,19327.066778,21892.388462,29664.307806
1203,MLT,Human Development Index (HDI) [highest = 1] (-),0.797,0.831,0.854,0.883
1206,MLT,Total population with access to safe drinking-water (JMP) (%),100.0,100.0,100.0,100.0
1207,MLT,Rural population with access to safe drinking-water (JMP) (%),100.0,100.0,100.0,100.0
1208,MLT,Urban population with access to safe drinking-water (JMP) (%),100.0,100.0,100.0,100.0
1221,MRT,Rural population (1000 inhab),1738.864,1858.724,1976.397,2085.278
1222,MRT,Urban population (1000 inhab),1134.364,1453.941,1853.842,2334.906
1223,MRT,Population density (inhab/km2),2.6953517027,3.1071281653,3.5961530998,4.1550111575
1224,MRT,GDP per capita (current US$/inhab),592.611716,1294.647068,1642.687687,1597.806534
1225,MRT,Human Development Index (HDI) [highest = 1] (-),0.451,0.479,0.503,0.524
1228,MRT,Total population with access to safe drinking-water (JMP) (%),44.6,50.7,56.7,57.9
1229,MRT,Rural population with access to safe drinking-water (JMP) (%),41.7,48.7,55.7,57.1
1230,MRT,Urban population with access to safe drinking-water (JMP) (%),47.3,52.4,57.4,58.4
1243,MEX,Rural population (1000 inhab),25708.164,25812.028,26092.527,26004.525
1244,MEX,Urban population (1000 inhab),78647.444,86024.318,94735.78,103158.751
1245,MEX,Population density (inhab/km2),51.7643012045,55.5750425071,59.7003405655,63.5199523514
1246,MEX,GDP per capita (current US$/inhab),7398.832947,9412.835117,9940.500012,8967.170167
1247,MEX,Human Development Index (HDI) [highest = 1] (-),0.714,0.738,0.752,0.765
1250,MEX,Total population with access to safe drinking-water (JMP) (%),89.7,92.5,95.1,96.1
1251,MEX,Rural population with access to safe drinking-water (JMP) (%),75.7,82.6,89.4,92.1
1252,MEX,Urban population with access to safe drinking-water (JMP) (%),94.3,95.5,96.7,97.2
1254,FSM,Rural population (1000 inhab),83.094,81.627,80.397,81.683
1255,FSM,Urban population (1000 inhab),23.889,23.451,23.106,23.861
1256,FSM,Population density (inhab/km2),152.9,149.2057142857,149.2942857143,159.2271428571
1257,FSM,GDP per capita (current US$/inhab),2257.122963,2442.947144,3153.531782,3435.533995
1258,FSM,Human Development Index (HDI) [highest = 1] (-),0.553,0.583,0.599,0.612
1261,FSM,Total population with access to safe drinking-water (JMP) (%),90.0,89.5,89.0,89.0
1262,FSM,Rural population with access to safe drinking-water (JMP) (%),88.7,88.1,87.4,87.4
1263,FSM,Urban population with access to safe drinking-water (JMP) (%),94.2,94.5,94.8,94.8
1276,MNG,Rural population (1000 inhab),994.464,918.387,899.714,973.037
1277,MNG,Urban population (1000 inhab),1449.195,1673.283,1914.512,2102.61
1278,MNG,Population density (inhab/km2),1.5620738818,1.6583254482,1.8059343273,1.9907638576
1279,MNG,GDP per capita (current US$/inhab),662.654194,1894.711774,4368.07713,3717.473332
1280,MNG,Human Development Index (HDI) [highest = 1] (-),0.609,0.671,0.719,0.729
1283,MNG,Total population with access to safe drinking-water (JMP) (%),58.0,61.5,63.7,64.4
1284,MNG,Rural population with access to safe drinking-water (JMP) (%),36.0,44.9,53.8,59.2
1285,MNG,Urban population with access to safe drinking-water (JMP) (%),73.1,70.6,68.0,66.4
1298,MAR,Rural population (1000 inhab),13578.75,13640.554,13619.442,13613.878
1299,MAR,Urban population (1000 inhab),15933.618,17585.327,19714.347,22125.702
1300,MAR,Population density (inhab/km2),65.960738999,69.7876452805,74.4416078827,79.680338148
1301,MAR,GDP per capita (current US$/inhab),1439.020782,2531.264795,2947.934765,3069.826908
1302,MAR,Human Development Index (HDI) [highest = 1] (-),0.553,0.596,0.636,0.675
1305,MAR,Total population with access to safe drinking-water (JMP) (%),79.3,81.9,84.6,85.4
1306,MAR,Rural population with access to safe drinking-water (JMP) (%),59.4,62.1,64.8,65.3
1307,MAR,Urban population with access to safe drinking-water (JMP) (%),96.3,97.4,98.5,98.7
1309,MOZ,Rural population (1000 inhab),13501.744,15451.006,17242.761,19149.788
1310,MOZ,Urban population (1000 inhab),5637.914,6737.381,8433.845,10519.046
1311,MOZ,Population density (inhab/km2),23.4733856239,27.1126573094,31.1024343866,35.839047762
1312,MOZ,GDP per capita (current US$/inhab),287.918273,462.340614,636.798114,445.554402
1313,MOZ,Human Development Index (HDI) [highest = 1] (-),0.32,0.372,0.398,0.442
1316,MOZ,Total population with access to safe drinking-water (JMP) (%),42.6,46.3,50.1,51.1
1317,MOZ,Rural population with access to safe drinking-water (JMP) (%),28.8,32.5,36.3,37.0
1318,MOZ,Urban population with access to safe drinking-water (JMP) (%),75.7,77.9,80.1,80.6
1320,MMR,Rural population (1000 inhab),34228.006,35246.67,36064.794,37187.526
1321,MMR,Urban population (1000 inhab),12912.214,13924.916,14921.72,16183.083
1322,MMR,Population density (inhab/km2),70.5038073279,73.3405385832,75.9894529922,78.8947031613
1323,MMR,GDP per capita (current US$/inhab),219.963624,370.793923,1196.664441,1245.826398
1324,MMR,Human Development Index (HDI) [highest = 1] (-),0.441,0.49,0.541,0.577
1327,MMR,Total population with access to safe drinking-water (JMP) (%),68.9,74.6,80.3,80.6
1328,MMR,Rural population with access to safe drinking-water (JMP) (%),62.3,68.4,74.4,74.4
1329,MMR,Urban population with access to safe drinking-water (JMP) (%),86.0,89.3,92.7,92.7
1331,NAM,Rural population (1000 inhab),1299.607,1277.117,1274.757,1292.108
1332,NAM,Urban population (1000 inhab),662.54,802.798,989.177,1241.686
1333,NAM,Population density (inhab/km2),2.2462033993,2.4342330976,2.6626345097,2.914790911
1334,NAM,GDP per capita (current US$/inhab),1669.424049,4202.531843,5749.426723,5354.102245
1335,NAM,Human Development Index (HDI) [highest = 1] (-),0.54,0.558,0.612,0.643
1338,NAM,Total population with access to safe drinking-water (JMP) (%),80.3,84.8,88.8,91.0
1339,NAM,Rural population with access to safe drinking-water (JMP) (%),71.0,76.3,81.5,84.6
1340,NAM,Urban population with access to safe drinking-water (JMP) (%),98.5,98.4,98.2,98.2
1353,NPL,Rural population (1000 inhab),21068.143,22078.011,22822.896,23638.57
1354,NPL,Urban population (1000 inhab),3498.199,4136.836,4827.029,5666.428
1355,NPL,Population density (inhab/km2),167.9958350319,179.2538456312,183.3752072292,187.7475268379
1356,NPL,GDP per capita (current US$/inhab),240.15081,418.036765,648.364406,873.142986
1357,NPL,Human Development Index (HDI) [highest = 1] (-),0.456,0.49,0.548,0.574
1360,NPL,Total population with access to safe drinking-water (JMP) (%),79.2,84.1,88.9,91.6
1361,NPL,Rural population with access to safe drinking-water (JMP) (%),76.8,82.5,88.3,91.8
1362,NPL,Urban population with access to safe drinking-water (JMP) (%),93.8,92.7,91.6,90.9
1364,NLD,Rural population (1000 inhab),3364.924,2552.168,1915.976,1520.119
1365,NLD,Urban population (1000 inhab),12745.431,13954.888,14873.119,15515.819
1366,NLD,Population density (inhab/km2),387.9209005538,397.3677178623,404.2330284064,455.2379513239
1367,NLD,GDP per capita (current US$/inhab),29275.296448,51337.92634,49971.204939,48947.679998
1368,NLD,Human Development Index (HDI) [highest = 1] (-),0.879,0.904,0.921,0.932
1371,NLD,Total population with access to safe drinking-water (JMP) (%),100.0,100.0,100.0,100.0
1372,NLD,Rural population with access to safe drinking-water (JMP) (%),100.0,100.0,100.0,100.0
1373,NLD,Urban population with access to safe drinking-water (JMP) (%),100.0,100.0,100.0,100.0
1375,NZL,Rural population (1000 inhab),548.484,578.237,618.306,636.894
1376,NZL,Urban population (1000 inhab),3414.722,3654.914,3849.437,4068.924
1377,NZL,Population density (inhab/km2),14.8041014531,15.8120578238,16.6914086138,17.5639087072
1378,NZL,GDP per capita (current US$/inhab),15775.204078,32438.85871,39436.665572,43651.468216
1379,NZL,Human Development Index (HDI) [highest = 1] (-),0.882,0.894,0.905,0.92
1382,NZL,Total population with access to safe drinking-water (JMP) (%),100.0,100.0,100.0,100.0
1383,NZL,Rural population with access to safe drinking-water (JMP) (%),100.0,100.0,100.0,100.0
1384,NZL,Urban population with access to safe drinking-water (JMP) (%),100.0,100.0,100.0,100.0
1386,NIC,Rural population (1000 inhab),2302.257,2411.595,2508.971,2592.801
1387,NIC,Urban population (1000 inhab),2869.477,3110.511,3368.137,3624.78
1388,NIC,Population density (inhab/km2),40.0347319169,42.8783845977,45.888824116,48.9748101557
1389,NIC,GDP per capita (current US$/inhab),1006.686197,1344.301422,1792.04082,2226.522932
1390,NIC,Human Development Index (HDI) [highest = 1] (-),0.581,0.602,0.625,0.653
1393,NIC,Total population with access to safe drinking-water (JMP) (%),80.1,83.1,86.2,87.0
1394,NIC,Rural population with access to safe drinking-water (JMP) (%),61.6,65.1,68.7,69.4
1395,NIC,Urban population with access to safe drinking-water (JMP) (%),95.1,97.0,98.9,99.3
1397,NER,Rural population (1000 inhab),10221.895,12287.148,14856.997,17965.903
1398,NER,Urban population (1000 inhab),1984.107,2381.19,2874.637,3511.445
1399,NER,Population density (inhab/km2),9.6211389108,11.5906858721,14.0451539069,17.0500252565
1400,NER,GDP per capita (current US$/inhab),234.133939,389.140907,521.714768,520.085384
1401,NER,Human Development Index (HDI) [highest = 1] (-),0.263,0.295,0.338,0.373
1404,NER,Total population with access to safe drinking-water (JMP) (%),45.7,50.8,56.2,58.2
1405,NER,Rural population with access to safe drinking-water (JMP) (%),38.7,42.8,47.0,48.6
1406,NER,Urban population with access to safe drinking-water (JMP) (%),81.3,89.7,98.2,100.0
1441,NOR,Rural population (1000 inhab),1057.72,1027.294,1008.706,961.814
1442,NOR,Urban population (1000 inhab),3488.299,3692.354,4003.301,4343.569
1443,NOR,Population density (inhab/km2),11.802323589,12.2524585908,13.0165351264,13.749262736
1444,NOR,GDP per capita (current US$/inhab),43010.094074,84951.119269,101657.143964,75092.402428
1445,NOR,Human Development Index (HDI) [highest = 1] (-),0.918,0.938,0.942,0.953
1448,NOR,Total population with access to safe drinking-water (JMP) (%),100.0,100.0,100.0,100.0
1449,NOR,Rural population with access to safe drinking-water (JMP) (%),100.0,100.0,100.0,100.0
1450,NOR,Urban population with access to safe drinking-water (JMP) (%),100.0,100.0,100.0,100.0
1452,OMN,Rural population (1000 inhab),664.6,704.911,777.34,762.22
1453,OMN,Urban population (1000 inhab),1669.685,1957.851,2687.304,3874.042
1454,OMN,Population density (inhab/km2),7.5439676898,8.5853247173,11.3021938611,15.0756962843
1455,OMN,GDP per capita (current US$/inhab),8629.090353,15805.160014,22083.382863,17099.281186
1456,OMN,Human Development Index (HDI) [highest = 1] (-),0.725,0.764,0.804,0.833
1459,OMN,Total population with access to safe drinking-water (JMP) (%),85.5,89.4,93.3,93.4
1460,OMN,Rural population with access to safe drinking-water (JMP) (%),77.2,81.7,86.1,86.1
1461,OMN,Urban population with access to safe drinking-water (JMP) (%),88.8,92.1,95.5,95.5
1463,PAK,Rural population (1000 inhab),96368.659,105200.045,114917.348,125220.255
1464,PAK,Urban population (1000 inhab),48285.484,55132.929,62994.185,71795.7
1465,PAK,Population density (inhab/km2),187.8529079261,210.7877213918,235.2469903278,261.1558962442
1466,PAK,GDP per capita (current US$/inhab),555.48465,948.800465,1206.451626,1538.413187
1467,PAK,Human Development Index (HDI) [highest = 1] (-),0.464,0.511,0.533,0.558
1470,PAK,Total population with access to safe drinking-water (JMP) (%),88.9,89.9,90.9,91.4
1471,PAK,Rural population with access to safe drinking-water (JMP) (%),85.7,87.3,88.9,89.9
1472,PAK,Urban population with access to safe drinking-water (JMP) (%),95.2,94.7,94.2,93.9
1474,PLW,Rural population (1000 inhab),5.902,5.501,4.942,4.484
1475,PLW,Urban population (1000 inhab),13.672,14.615,15.816,17.245
1476,PLW,Population density (inhab/km2),42.6891304348,41.647826087,38.347826087,38.7130434783
1477,PLW,GDP per capita (current US$/inhab),8256.615919,9675.396003,10169.734271,13176.940954
1478,PLW,Human Development Index (HDI) [highest = 1] (-),0.745,0.766,0.787,0.811
1481,PLW,Total population with access to safe drinking-water (JMP) (%),93.1,94.8,95.3,95.3
1482,PLW,Rural population with access to safe drinking-water (JMP) (%),82.0,86.0,86.0,86.0
1483,PLW,Urban population with access to safe drinking-water (JMP) (%),97.2,97.0,97.0,97.0
1496,PAN,Rural population (1000 inhab),1171.701,1234.105,1292.567,1337.579
1497,PAN,Urban population (1000 inhab),1977.564,2219.702,2480.371,2761.008
1498,PAN,Population density (inhab/km2),41.7553434102,45.7925616547,49.9950411032,54.6112898936
1499,PAN,GDP per capita (current US$/inhab),3959.753494,6165.945066,10715.716607,15196.39734
1500,PAN,Human Development Index (HDI) [highest = 1] (-),0.728,0.751,0.77,0.793
1503,PAN,Total population with access to safe drinking-water (JMP) (%),90.3,92.1,93.7,94.7
1504,PAN,Rural population with access to safe drinking-water (JMP) (%),77.6,81.8,86.1,88.6
1505,PAN,Urban population with access to safe drinking-water (JMP) (%),97.8,97.8,97.7,97.7
1507,PNG,Rural population (1000 inhab),5090.608,5761.463,6466.137,7170.073
1508,PNG,Urban population (1000 inhab),771.708,866.459,964.699,1081.089
1509,PNG,Population density (inhab/km2),13.176521044,14.710297295,16.4873411978,18.2309999136
1510,PNG,GDP per capita (current US$/inhab),781.255839,1440.108045,2865.806766,2667.000159
1511,PNG,Human Development Index (HDI) [highest = 1] (-),0.446,0.486,0.508,0.543
1514,PNG,Total population with access to safe drinking-water (JMP) (%),35.9,37.9,39.9,40.0
1515,PNG,Rural population with access to safe drinking-water (JMP) (%),28.1,30.4,32.8,32.8
1516,PNG,Urban population with access to safe drinking-water (JMP) (%),87.6,87.8,88.0,88.0
1518,PRY,Rural population (1000 inhab),2390.764,2488.72,2557.635,2635.972
1519,PRY,Urban population (1000 inhab),3117.847,3477.439,3821.584,4175.325
1520,PRY,Population density (inhab/km2),13.600398279,14.7472083589,15.7873706208,16.8826729801
1521,PRY,GDP per capita (current US$/inhab),1486.280687,2992.94229,5217.445724,5727.088492
1522,PRY,Human Development Index (HDI) [highest = 1] (-),0.658,0.671,0.697,0.722
1525,PRY,Total population with access to safe drinking-water (JMP) (%),77.1,85.4,93.4,98.0
1526,PRY,Rural population with access to safe drinking-water (JMP) (%),57.4,71.8,86.3,94.9
1527,PRY,Urban population with access to safe drinking-water (JMP) (%),92.3,95.3,98.4,100.0
1529,PER,Rural population (1000 inhab),6956.188,6845.868,6995.686,7166.47
1530,PER,Urban population (1000 inhab),19645.279,21446.856,23163.28,24999.015
1531,PER,Population density (inhab/km2),21.0866373072,22.0452934128,22.9585502871,24.4660820716
1532,PER,GDP per capita (current US$/inhab),2059.895654,3612.31347,6387.818174,6550.996247
1533,PER,Human Development Index (HDI) [highest = 1] (-),0.688,0.705,0.734,0.756
1536,PER,Total population with access to safe drinking-water (JMP) (%),80.9,83.3,85.5,86.7
1537,PER,Rural population with access to safe drinking-water (JMP) (%),56.1,61.1,66.2,69.2
1538,PER,Urban population with access to safe drinking-water (JMP) (%),89.6,90.3,91.0,91.4
1540,PHL,Rural population (1000 inhab),43958.821,48629.037,52586.504,55939.801
1541,PHL,Urban population (1000 inhab),37393.239,40664.453,44280.138,48978.289
1542,PHL,Population density (inhab/km2),271.2175266667,298.0182733333,324.0421433333,350.5764166667
1543,PHL,GDP per capita (current US$/inhab),1000.068814,1672.685731,2581.81887,2989.185417
1544,PHL,Human Development Index (HDI) [highest = 1] (-),0.639,0.663,0.684,0.709
1547,PHL,Total population with access to safe drinking-water (JMP) (%),87.7,89.2,90.8,91.8
1548,PHL,Rural population with access to safe drinking-water (JMP) (%),83.5,86.1,88.7,90.3
1549,PHL,Urban population with access to safe drinking-water (JMP) (%),92.2,92.8,93.4,93.7
1584,QAT,Rural population (1000 inhab),21.361,24.776,27.484,24.338
1585,QAT,Urban population (1000 inhab),624.298,1164.857,2082.084,2614.873
1586,QAT,Population density (inhab/km2),55.1996554694,104.9469422911,189.1535745047,237.1390774587
1587,QAT,GDP per capita (current US$/inhab),29990.654918,67005.514297,88564.816286,63249.46732
1588,QAT,Human Development Index (HDI) [highest = 1] (-),0.822,0.838,0.85,0.848
1591,QAT,Total population with access to safe drinking-water (JMP) (%),99.4,99.9,100.0,100.0
1592,QAT,Rural population with access to safe drinking-water (JMP) (%),99.4,99.9,100.0,100.0
1593,QAT,Urban population with access to safe drinking-water (JMP) (%),99.4,99.9,100.0,100.0
1595,KOR,Rural population (1000 inhab),9457.554,9012.35,9065.944,9429.948
1596,KOR,Urban population (1000 inhab),38547.232,40050.079,40886.3,41552.264
1597,KOR,Population density (inhab/km2),481.9715533688,491.7249298034,499.8566050924,509.3850563254
1598,KOR,GDP per capita (current US$/inhab),13066.341281,23900.450076,25592.996478,31852.31481
1599,KOR,Human Development Index (HDI) [highest = 1] (-),0.832,0.869,0.89,0.904
1602,KOR,Total population with access to safe drinking-water (JMP) (%),94.5,97.1,97.6,97.6
1603,KOR,Rural population with access to safe drinking-water (JMP) (%),78.5,86.4,87.9,87.9
1604,KOR,Urban population with access to safe drinking-water (JMP) (%),98.5,99.5,99.7,99.7
1606,MDA,Rural population (1000 inhab),2347.732,2365.195,2340.031,2327.145
1607,MDA,Urban population (1000 inhab),1828.884,1763.454,1733.672,1724.067
1608,MDA,Population density (inhab/km2),123.4701536643,122.0128803545,120.4079172821,119.9315805022
1609,MDA,GDP per capita (current US$/inhab),477.622483,1279.389356,2137.892416,2386.876265
1610,MDA,Human Development Index (HDI) [highest = 1] (-),0.628,0.672,0.693,0.709
1613,MDA,Total population with access to safe drinking-water (JMP) (%),85.5,86.7,87.9,88.4
1614,MDA,Rural population with access to safe drinking-water (JMP) (%),76.1,78.3,80.5,81.4
1615,MDA,Urban population with access to safe drinking-water (JMP) (%),96.7,96.8,96.9,96.9
1617,ROU,Rural population (1000 inhab),10319.721,9795.242,9283.979,9065.003
1618,ROU,Urban population (1000 inhab),11534.955,11240.869,10887.276,10614.303
1619,ROU,Population density (inhab/km2),91.6702588196,88.2343596627,84.8503250975,82.4411451342
1620,ROU,GDP per capita (current US$/inhab),2112.772429,8299.48002,8487.140188,10757.282696
1621,ROU,Human Development Index (HDI) [highest = 1] (-),0.724,0.78,0.796,0.813
1624,ROU,Total population with access to safe drinking-water (JMP) (%),87.6,93.5,99.0,100.0
1625,ROU,Rural population with access to safe drinking-water (JMP) (%),76.9,87.4,97.9,100.0
1626,ROU,Urban population with access to safe drinking-water (JMP) (%),97.2,98.7,100.0,100.0
1639,RWA,Rural population (1000 inhab),7104.058,7848.805,8960.938,10117.663
1640,RWA,Urban population (1000 inhab),1432.147,1598.597,1827.915,2090.744
1641,RWA,Population density (inhab/km2),319.9339407745,352.0788534548,400.5190964313,454.8580485953
1642,RWA,GDP per capita (current US$/inhab),196.411115,404.853304,679.890277,748.350053
1643,RWA,Human Development Index (HDI) [highest = 1] (-),0.361,0.446,0.504,0.529
1646,RWA,Total population with access to safe drinking-water (JMP) (%),67.7,71.1,74.3,76.1
1647,RWA,Rural population with access to safe drinking-water (JMP) (%),64.1,67.1,70.1,71.9
1648,RWA,Urban population with access to safe drinking-water (JMP) (%),85.7,86.0,86.4,86.6
1683,WSM,Rural population (1000 inhab),137.838,144.461,152.067,160.194
1684,WSM,Urban population (1000 inhab),38.744,37.825,37.127,36.246
1685,WSM,Population density (inhab/km2),62.1151408451,64.1007042254,66.5806338028,68.785915493
1686,WSM,GDP per capita (current US$/inhab),1538.348054,3631.682572,3992.784343,4197.37637
1687,WSM,Human Development Index (HDI) [highest = 1] (-),0.653,0.679,0.696,0.706
1690,WSM,Total population with access to safe drinking-water (JMP) (%),94.2,96.3,98.5,99.0
1691,WSM,Rural population with access to safe drinking-water (JMP) (%),93.4,96.1,98.8,99.3
1692,WSM,Urban population with access to safe drinking-water (JMP) (%),97.0,97.2,97.4,97.5
1705,STP,Rural population (1000 inhab),64.397,62.761,60.061,57.276
1706,STP,Urban population (1000 inhab),80.492,100.34,122.828,147.051
1707,STP,Population density (inhab/km2),153.590625,173.2291666667,196.2541666667,215.7177083333
1708,STP,GDP per capita (current US$/inhab),559.416722,894.092714,1380.950092,1788.765113
1709,STP,Human Development Index (HDI) [highest = 1] (-),0.494,0.531,0.558,0.603
1712,STP,Total population with access to safe drinking-water (JMP) (%),81.8,90.4,97.0,97.1
1713,STP,Rural population with access to safe drinking-water (JMP) (%),74.1,85.0,93.6,93.6
1714,STP,Urban population with access to safe drinking-water (JMP) (%),88.0,94.1,98.9,98.9
1716,SAU,Rural population (1000 inhab),4314.583,4690.056,5084.189,5394.59
1717,SAU,Urban population (1000 inhab),17591.725,20562.513,24002.168,27543.623
1718,SAU,Population density (inhab/km2),10.1434685931,11.7154552517,13.5623741098,15.398117403
1719,SAU,GDP per capita (current US$/inhab),8655.313226,16472.168948,25303.094621,20905.391689
1720,SAU,Human Development Index (HDI) [highest = 1] (-),0.749,0.784,0.837,0.856
1723,SAU,Total population with access to safe drinking-water (JMP) (%),95.7,97.0,97.0,97.0
1724,SAU,Rural population with access to safe drinking-water (JMP) (%),95.7,97.0,97.0,97.0
1725,SAU,Urban population with access to safe drinking-water (JMP) (%),95.7,97.0,97.0,97.0
1727,SEN,Rural population (1000 inhab),6175.004,6823.185,7591.27,8442.004
1728,SEN,Urban population (1000 inhab),4221.857,5050.372,6112.243,7408.563
1729,SEN,Population density (inhab/km2),52.278475929,59.4127395659,68.1307101825,78.3862284581
1730,SEN,GDP per capita (current US$/inhab),663.807708,1229.725537,1342.390237,1321.086287
1731,SEN,Human Development Index (HDI) [highest = 1] (-),0.41,0.448,0.489,0.51
1734,SEN,Total population with access to safe drinking-water (JMP) (%),68.9,72.6,76.3,78.5
1735,SEN,Rural population with access to safe drinking-water (JMP) (%),53.8,59.0,64.2,67.3
1736,SEN,Urban population with access to safe drinking-water (JMP) (%),90.9,91.7,92.5,92.9
1749,SYC,Rural population (1000 inhab),41.364,43.077,42.34,41.437
1750,SYC,Urban population (1000 inhab),42.839,47.204,49.945,53.3
1751,SYC,Population density (inhab/km2),182.7760869565,195.8434782609,201.3108695652,209.6043478261
1752,SYC,GDP per capita (current US$/inhab),9951.197448,11449.411256,11480.700775,15867.054505
1753,SYC,Human Development Index (HDI) [highest = 1] (-),0.709,0.744,0.777,0.8
1756,SYC,Total population with access to safe drinking-water (JMP) (%),95.7,95.7,95.7,95.7
1757,SYC,Rural population with access to safe drinking-water (JMP) (%),95.7,95.7,95.7,95.7
1758,SYC,Urban population with access to safe drinking-water (JMP) (%),95.7,95.7,95.7,95.7
1760,SLE,Rural population (1000 inhab),3167.216,3748.249,4083.903,4410.71
1761,SLE,Urban population (1000 inhab),1790.0,2267.168,2682.2,3146.502
1762,SLE,Population density (inhab/km2),68.6827939142,82.8441632089,92.8434854772,103.5743153527
1763,SLE,GDP per capita (current US$/inhab),252.827454,358.827468,561.898418,494.765953
1764,SLE,Human Development Index (HDI) [highest = 1] (-),0.319,0.368,0.413,0.435
1767,SLE,Total population with access to safe drinking-water (JMP) (%),49.2,54.3,59.5,62.6
1768,SLE,Rural population with access to safe drinking-water (JMP) (%),33.5,39.0,44.5,47.8
1769,SLE,Urban population with access to safe drinking-water (JMP) (%),77.0,80.0,83.1,84.9
1793,SVN,Rural population (1000 inhab),977.096,966.833,966.153,951.104
1794,SVN,Urban population (1000 inhab),1011.168,1046.706,1094.237,1128.872
1795,SVN,Population density (inhab/km2),98.0398125308,99.2658115442,101.5206216083,102.4549994079
1796,SVN,GDP per capita (current US$/inhab),11813.822898,23840.565884,22607.59248,23347.227276
1797,SVN,Human Development Index (HDI) [highest = 1] (-),0.843,0.873,0.876,0.899
1800,SVN,Total population with access to safe drinking-water (JMP) (%),99.6,99.6,99.5,99.5
1801,SVN,Rural population with access to safe drinking-water (JMP) (%),99.4,99.4,99.4,99.4
1802,SVN,Urban population with access to safe drinking-water (JMP) (%),99.8,99.7,99.7,99.7
1804,SLB,Rural population (1000 inhab),363.021,400.788,435.874,468.983
1805,SLB,Urban population (1000 inhab),72.241,92.152,115.657,142.36
1806,SLB,Population density (inhab/km2),15.0668512111,17.0287889273,19.2409342561,22.0082698962
1807,SLB,GDP per capita (current US$/inhab),629.1098,1192.822794,1769.403046,1961.155429
1808,SLB,Human Development Index (HDI) [highest = 1] (-),0.486,0.517,0.546,0.555
1811,SLB,Total population with access to safe drinking-water (JMP) (%),79.8,80.2,80.5,80.8
1812,SLB,Rural population with access to safe drinking-water (JMP) (%),77.2,77.2,77.2,77.2
1813,SLB,Urban population with access to safe drinking-water (JMP) (%),93.2,93.2,93.2,93.2
1826,ZAF,Rural population (1000 inhab),19799.101,19647.368,19465.377,19369.002
1827,ZAF,Urban population (1000 inhab),27227.072,30239.813,33532.836,37348.154
1828,ZAF,Population density (inhab/km2),37.8568547031,40.2921515229,43.3377831005,46.7641896825
1829,ZAF,GDP per capita (current US$/inhab),2455.693281,6001.879534,7478.165487,6153.459018
1830,ZAF,Human Development Index (HDI) [highest = 1] (-),0.618,0.631,0.673,0.704
1833,ZAF,Total population with access to safe drinking-water (JMP) (%),87.4,89.8,92.0,93.2
1834,ZAF,Rural population with access to safe drinking-water (JMP) (%),72.0,75.6,79.2,81.4
1835,ZAF,Urban population with access to safe drinking-water (JMP) (%),98.7,99.0,99.4,99.6
1848,ESP,Rural population (1000 inhab),9852.597,10104.737,9886.091,9233.918
1849,ESP,Urban population (1000 inhab),32132.923,35289.121,36971.313,37120.403
1850,ESP,Population density (inhab/km2),82.9565127048,89.8927043552,93.0210301617,92.2003949004
1851,ESP,GDP per capita (current US$/inhab),16801.659305,32428.518588,28273.441934,28315.627921
1852,ESP,Human Development Index (HDI) [highest = 1] (-),0.83,0.853,0.873,0.891
1855,ESP,Total population with access to safe drinking-water (JMP) (%),99.9,100.0,100.0,100.0
1856,ESP,Rural population with access to safe drinking-water (JMP) (%),100.0,100.0,100.0,100.0
1857,ESP,Urban population with access to safe drinking-water (JMP) (%),99.9,100.0,100.0,100.0
1859,LKA,Rural population (1000 inhab),15562.028,16190.874,16708.167,17038.849
1860,LKA,Urban population (1000 inhab),3497.272,3619.915,3716.388,3838.068
1861,LKA,Population density (inhab/km2),290.542325865,302.4240816949,312.9492455418,322.0245694254
1862,LKA,GDP per capita (current US$/inhab),1026.943884,1868.856716,3350.595979,4216.125203
1863,LKA,Human Development Index (HDI) [highest = 1] (-),0.699,0.734,0.762,0.776
1866,LKA,Total population with access to safe drinking-water (JMP) (%),82.0,87.6,93.3,95.6
1867,LKA,Rural population with access to safe drinking-water (JMP) (%),78.9,85.6,92.3,95.0
1868,LKA,Urban population with access to safe drinking-water (JMP) (%),95.4,96.7,98.0,98.5
1892,SWE,Rural population (1000 inhab),1415.408,1412.213,1371.997,1273.943
1893,SWE,Urban population (1000 inhab),7505.286,7751.03,8168.91,8636.758
1894,SWE,Population density (inhab/km2),19.810592938,20.348520986,21.3285324751,22.1373086293
1895,SWE,GDP per capita (current US$/inhab),29743.858567,53253.52945,57743.66925,54541.574444
1896,SWE,Human Development Index (HDI) [highest = 1] (-),0.903,0.905,0.908,0.935
1899,SWE,Total population with access to safe drinking-water (JMP) (%),100.0,100.0,100.0,100.0
1900,SWE,Rural population with access to safe drinking-water (JMP) (%),100.0,100.0,100.0,100.0
1901,SWE,Urban population with access to safe drinking-water (JMP) (%),100.0,100.0,100.0,100.0
1914,SYR,Rural population (1000 inhab),8085.687,8930.863,9484.477,8495.489
1915,SYR,Urban population (1000 inhab),9002.214,10701.943,10936.224,9774.379
1916,SYR,Population density (inhab/km2),92.2595960687,107.3455772762,110.3729128416,92.3192461389
1917,SYR,GDP per capita (current US$/inhab),1274.705738,2051.249403,2293.655875,721.520956
1918,SYR,Human Development Index (HDI) [highest = 1] (-),0.6,0.649,0.631,0.544
1921,SYR,Total population with access to safe drinking-water (JMP) (%),88.0,89.1,90.1,90.1
1922,SYR,Rural population with access to safe drinking-water (JMP) (%),80.4,83.8,87.2,87.2
1923,SYR,Urban population with access to safe drinking-water (JMP) (%),94.8,93.5,92.3,92.3
1925,TJK,Rural population (1000 inhab),4738.751,5256.003,5872.805,6514.203
1926,TJK,Urban population (1000 inhab),1708.937,1896.382,2122.257,2407.14
1927,TJK,Population density (inhab/km2),45.0850017538,49.5452262364,55.2426166257,62.8113453105
1928,TJK,GDP per capita (current US$/inhab),189.375435,520.02752,954.718846,802.326545
1929,TJK,Human Development Index (HDI) [highest = 1] (-),0.559,0.602,0.639,0.651
1932,TJK,Total population with access to safe drinking-water (JMP) (%),61.5,66.6,71.7,73.8
1933,TJK,Rural population with access to safe drinking-water (JMP) (%),50.5,57.2,64.0,66.7
1934,TJK,Urban population with access to safe drinking-water (JMP) (%),92.4,92.7,93.0,93.1
1936,THA,Rural population (1000 inhab),42458.762,39750.794,37012.171,35071.057
1937,THA,Urban population (1000 inhab),21614.402,26444.821,30831.808,33966.456
1938,THA,Population density (inhab/km2),124.8618003586,128.9797065014,132.2029193951,134.8803593701
1939,THA,GDP per capita (current US$/inhab),2096.055431,3972.206958,5859.89206,6594.608057
1940,THA,Human Development Index (HDI) [highest = 1] (-),0.665,0.71,0.733,0.762
1943,THA,Total population with access to safe drinking-water (JMP) (%),92.9,95.2,97.1,97.8
1944,THA,Rural population with access to safe drinking-water (JMP) (%),90.9,93.8,96.8,98.0
1945,THA,Urban population with access to safe drinking-water (JMP) (%),96.8,97.1,97.5,97.6
1958,TGO,Rural population (1000 inhab),3476.016,3831.357,4215.435,4588.034
1959,TGO,Urban population (1000 inhab),1775.456,2166.028,2644.047,3209.66
1960,TGO,Population density (inhab/km2),91.5131361155,104.2500264131,119.2782003874,135.5603803487
1961,TGO,GDP per capita (current US$/inhab),323.467149,443.375771,564.697109,593.975597
1962,TGO,Human Development Index (HDI) [highest = 1] (-),0.428,0.441,0.484,0.51
1965,TGO,Total population with access to safe drinking-water (JMP) (%),54.8,57.9,61.1,63.1
1966,TGO,Rural population with access to safe drinking-water (JMP) (%),39.3,41.2,43.1,44.2
1967,TGO,Urban population with access to safe drinking-water (JMP) (%),85.1,87.5,89.9,91.4
1980,TON,Rural population (1000 inhab),76.303,78.582,80.356,82.993
1981,TON,Urban population (1000 inhab),22.881,23.775,24.595,25.027
1982,TON,Population density (inhab/km2),132.0293333333,136.7746666667,136.9826666667,135.9973333333
1983,TON,GDP per capita (current US$/inhab),1829.490096,2979.594566,4436.896473,4558.478241
1984,TON,Human Development Index (HDI) [highest = 1] (-),0.676,0.678,0.7,0.717
1987,TON,Total population with access to safe drinking-water (JMP) (%),98.6,98.9,99.4,99.6
1988,TON,Rural population with access to safe drinking-water (JMP) (%),99.0,99.1,99.5,99.6
1989,TON,Urban population with access to safe drinking-water (JMP) (%),97.4,98.1,99.2,99.7
1991,TTO,Rural population (1000 inhab),568.249,594.531,621.549,640.679
1992,TTO,Urban population (1000 inhab),709.588,714.729,720.039,728.446
1993,TTO,Population density (inhab/km2),248.9693957115,255.0586744639,262.1479532164,269.7970760234
1994,TTO,GDP per capita (current US$/inhab),7068.592881,16574.582127,19203.520412,16415.40548
1995,TTO,Human Development Index (HDI) [highest = 1] (-),0.73,0.777,0.784,0.799
1998,TTO,Total population with access to safe drinking-water (JMP) (%),93.6,94.5,95.1,95.1
1999,TTO,Rural population with access to safe drinking-water (JMP) (%),93.6,94.5,95.1,95.1
2000,TTO,Urban population with access to safe drinking-water (JMP) (%),93.6,94.5,95.1,95.1
2002,TUN,Rural population (1000 inhab),3531.202,3521.038,3568.906,3616.197
2003,TUN,Urban population (1000 inhab),6333.124,6777.049,7317.762,7915.93
2004,TUN,Population density (inhab/km2),60.3340321496,62.9834728929,66.2979157753,69.8822993705
2005,TUN,GDP per capita (current US$/inhab),2346.00236,3778.360077,4137.570216,3452.359126
2006,TUN,Human Development Index (HDI) [highest = 1] (-),0.666,0.701,0.721,0.738
2009,TUN,Total population with access to safe drinking-water (JMP) (%),91.1,94.1,96.9,97.7
2010,TUN,Rural population with access to safe drinking-water (JMP) (%),78.8,84.8,90.8,93.2
2011,TUN,Urban population with access to safe drinking-water (JMP) (%),98.0,99.0,100.0,100.0
2013,TUR,Rural population (1000 inhab),22165.676,21537.953,20899.302,20473.563
2014,TUR,Urban population (1000 inhab),42977.378,48059.328,53670.565,60271.457
2015,TUR,Population density (inhab/km2),82.9507442542,88.5997937225,95.0544979945,103.2870057936
2016,TUR,GDP per capita (current US$/inhab),3660.005677,9709.489709,11720.307702,10560.02154
2017,TUR,Human Development Index (HDI) [highest = 1] (-),0.672,0.709,0.765,0.805
2020,TUR,Total population with access to safe drinking-water (JMP) (%),93.8,96.9,99.5,100.0
2021,TUR,Rural population with access to safe drinking-water (JMP) (%),87.0,92.5,98.1,100.0
2022,TUR,Urban population with access to safe drinking-water (JMP) (%),97.4,98.9,100.0,100.0
2046,UGA,Rural population (1000 inhab),21699.29,25115.006,28891.6,32920.646
2047,UGA,Urban population (1000 inhab),4018.758,5475.481,7415.196,9942.312
2048,UGA,Population density (inhab/km2),104.1906727386,122.0713641068,143.0706023598,170.4267770648
2049,UGA,GDP per capita (current US$/inhab),288.232982,492.229335,673.309135,634.769133
2050,UGA,Human Development Index (HDI) [highest = 1] (-),0.418,0.457,0.497,0.522
2053,UGA,Total population with access to safe drinking-water (JMP) (%),59.6,67.7,75.8,79.0
2054,UGA,Rural population with access to safe drinking-water (JMP) (%),55.8,64.1,72.5,75.8
2055,UGA,Urban population with access to safe drinking-water (JMP) (%),86.8,90.4,94.1,95.5
2057,UKR,Rural population (1000 inhab),15697.688,14775.381,14157.02,13600.408
2058,UKR,Urban population (1000 inhab),32281.904,31610.974,31192.313,30622.539
2059,UKR,Population density (inhab/km2),79.4963780963,76.82272057,75.3107547014,73.7100637892
2060,UKR,GDP per capita (current US$/inhab),916.142922,3206.414071,3876.148163,2536.92565
2061,UKR,Human Development Index (HDI) [highest = 1] (-),0.689,0.729,0.742,0.747
2064,UKR,Total population with access to safe drinking-water (JMP) (%),97.4,97.0,96.5,96.2
2065,UKR,Rural population with access to safe drinking-water (JMP) (%),93.7,95.2,96.8,97.8
2066,UKR,Urban population with access to safe drinking-water (JMP) (%),99.3,97.8,96.4,95.5
2068,ARE,Rural population (1000 inhab),664.034,1026.131,1357.387,1292.709
2069,ARE,Urban population (1000 inhab),2843.198,5017.936,7543.066,8107.436
2070,ARE,Population density (inhab/km2),41.6121650718,73.7899282297,109.3492344498,133.584947902
2071,ARE,GDP per capita (current US$/inhab),31720.544451,43230.270183,42086.695776,40180.344045
2072,ARE,Human Development Index (HDI) [highest = 1] (-),0.793,0.819,0.832,0.864
2075,ARE,Total population with access to safe drinking-water (JMP) (%),99.7,99.6,99.6,99.6
2076,ARE,Rural population with access to safe drinking-water (JMP) (%),100.0,100.0,100.0,100.0
2077,ARE,Urban population with access to safe drinking-water (JMP) (%),99.6,99.6,99.6,99.6
2079,GBR,Rural population (1000 inhab),12435.493,11988.805,11669.597,11156.164
2080,GBR,Urban population (1000 inhab),46913.46,49425.855,52580.733,55025.421
2081,GBR,Population density (inhab/km2),243.5297976274,252.2686342925,264.8713599606,273.9110094003
2082,GBR,GDP per capita (current US$/inhab),30066.436326,50493.777054,42099.202889,40286.571861
2083,GBR,Human Development Index (HDI) [highest = 1] (-),0.874,0.892,0.897,0.919
2086,GBR,Total population with access to safe drinking-water (JMP) (%),100.0,100.0,100.0,100.0
2087,GBR,Rural population with access to safe drinking-water (JMP) (%),100.0,100.0,100.0,100.0
2088,GBR,Urban population with access to safe drinking-water (JMP) (%),100.0,100.0,100.0,100.0
2090,TZA,Rural population (1000 inhab),27785.622,30972.693,34606.978,38367.191
2091,TZA,Urban population (1000 inhab),8320.186,10951.022,14476.019,18942.828
2092,TZA,Population density (inhab/km2),37.3005257046,42.9445941096,49.6706745487,57.7011918083
2093,TZA,GDP per capita (current US$/inhab),372.611276,534.339064,822.572401,954.877401
2094,TZA,Human Development Index (HDI) [highest = 1] (-),0.412,0.461,0.501,0.522
2097,TZA,Total population with access to safe drinking-water (JMP) (%),54.4,54.9,55.4,55.6
2098,TZA,Rural population with access to safe drinking-water (JMP) (%),45.4,45.4,45.5,45.5
2099,TZA,Urban population with access to safe drinking-water (JMP) (%),84.7,81.8,78.9,77.2
2101,USA,Rural population (1000 inhab),59200.835,59309.491,59160.759,58215.947
2102,USA,Urban population (1000 inhab),228306.012,241285.684,254174.664,266243.516
2103,USA,Population density (inhab/km2),29.8254176949,31.2092496597,31.9425891852,33.0594442987
2104,USA,GDP per capita (current US$/inhab),38038.808864,48077.484943,51692.230789,60159.823417
2105,USA,Human Development Index (HDI) [highest = 1] (-),0.886,0.902,0.916,0.919
2108,USA,Total population with access to safe drinking-water (JMP) (%),98.9,99.0,99.1,99.2
2109,USA,Rural population with access to safe drinking-water (JMP) (%),96.2,97.1,98.0,98.2
2110,USA,Urban population with access to safe drinking-water (JMP) (%),99.6,99.5,99.4,99.4
2123,UZB,Rural population (1000 inhab),13498.784,13781.409,14460.143,15779.684
2124,UZB,Urban population (1000 inhab),12013.092,13510.966,15080.676,16130.957
2125,UZB,Population density (inhab/km2),56.8420250335,60.8062382655,65.8234532857,71.4344769781
2126,UZB,GDP per capita (current US$/inhab),459.465389,972.234914,2166.605422,1853.925426
2127,UZB,Human Development Index (HDI) [highest = 1] (-),0.61,0.646,0.681,0.707
2130,UZB,Total population with access to safe drinking-water (JMP) (%),88.4,87.5,87.3,87.3
2131,UZB,Rural population with access to safe drinking-water (JMP) (%),82.8,81.2,80.9,80.9
2132,UZB,Urban population with access to safe drinking-water (JMP) (%),97.8,98.4,98.5,98.5
2145,VEN,Rural population (1000 inhab),3080.534,3321.466,3550.466,3778.814
2146,VEN,Urban population (1000 inhab),22328.166,24370.499,26342.614,28198.251
2147,VEN,Population density (inhab/km2),27.5208683734,29.8751274601,32.1921352996,32.2377983663
2148,VEN,GDP per capita (current US$/inhab),3655.812536,8318.81122,12754.991815,7756.479109
2149,VEN,Human Development Index (HDI) [highest = 1] (-),0.688,0.743,0.767,0.735
2152,VEN,Total population with access to safe drinking-water (JMP) (%),91.5,92.2,92.9,93.1
2153,VEN,Rural population with access to safe drinking-water (JMP) (%),73.3,75.4,77.5,77.9
2154,VEN,Urban population with access to safe drinking-water (JMP) (%),93.8,94.4,94.9,95.0
2156,VNM,Rural population (1000 inhab),61048.895,61408.016,61731.739,61898.302
2157,VNM,Urban population (1000 inhab),20907.601,24481.574,28720.142,33642.498
2158,VNM,Population density (inhab/km2),247.5991709687,257.9016062317,271.3295041847,285.6041059083
2159,VNM,GDP per capita (current US$/inhab),427.838026,901.324893,1722.683931,2342.244006
2160,VNM,Human Development Index (HDI) [highest = 1] (-),0.594,0.632,0.668,0.69
2163,VNM,Total population with access to safe drinking-water (JMP) (%),80.3,87.3,93.8,97.6
2164,VNM,Rural population with access to safe drinking-water (JMP) (%),75.5,83.7,91.9,96.9
2165,VNM,Urban population with access to safe drinking-water (JMP) (%),94.4,96.2,98.0,99.1
2167,YEM,Rural population (1000 inhab),13751.457,15215.074,16700.108,18075.808
2168,YEM,Urban population (1000 inhab),5167.722,6536.531,8209.861,10174.612
2169,YEM,Population density (inhab/km2),34.9332177965,40.3100839063,46.3533496221,52.7204557077
2170,YEM,GDP per capita (current US$/inhab),647.337193,1178.472796,1287.627793,854.926716
2171,YEM,Human Development Index (HDI) [highest = 1] (-),0.456,0.486,0.501,0.463
2174,YEM,Total population with access to safe drinking-water (JMP) (%),58.5,55.0,54.9,54.9
2175,YEM,Rural population with access to safe drinking-water (JMP) (%),50.5,47.2,46.5,46.5
2176,YEM,Urban population with access to safe drinking-water (JMP) (%),79.9,73.3,72.0,72.0
2178,ZMB,Rural population (1000 inhab),7175.419,7905.217,8767.868,9747.709
2179,ZMB,Urban population (1000 inhab),3944.99,4820.757,5932.069,7346.421
2180,ZMB,Population density (inhab/km2),14.5781985358,16.6127981292,19.2199811323,22.3935358286
2181,ZMB,GDP per capita (current US$/inhab),377.129939,1104.582234,1690.361466,1513.27609
2182,ZMB,Human Development Index (HDI) [highest = 1] (-),0.445,0.492,0.552,0.589
2185,ZMB,Total population with access to safe drinking-water (JMP) (%),54.7,59.0,63.0,65.4
2186,ZMB,Rural population with access to safe drinking-water (JMP) (%),36.9,42.5,48.0,51.3
2187,ZMB,Urban population with access to safe drinking-water (JMP) (%),87.1,86.5,85.9,85.6
